吉野家,神奈川,からから家 海老名SA下り店,神奈川県海老名市大谷南5-2-1,1280,20261003,1230,50
吉野家,千葉県,かるびのとりこ 鎌ヶ谷店,千葉県鎌ケ谷市道野辺本町1丁目2‐3,1200,20261003,1150,50
吉野家,埼玉県,かるびのとりこ 春日部店,埼玉県春日部市中央4-7-6,1200,20261003,1141,59
吉野家,千葉県,かるびのとりこ 松戸古ヶ崎店,千葉県松戸市古ヶ崎4丁目3522‐2,1200,20261003,1150,50
吉野家,埼玉県,かるびのとりこ 上木崎店,埼玉県さいたま市浦和区上木崎4丁目12‐12,1200,20261003,1150,50
吉野家,埼玉県,かるびのとりこ 杉戸高野台店,埼玉県幸手市上高野2071‐1,1200,20261003,1141,59
吉野家,神奈川,でいから 246号線厚木妻田店,神奈川県厚木市妻田東3丁目1‐1,1280,20261003,1225,55
吉野家,沖縄県,はなまる イーアス沖縄豊崎店,沖縄県豊見城市豊崎3番35 イーアス沖縄1F,1120,20261003,1050,70
吉野家,埼玉県,ばりうま 東松山店,埼玉県東松山市新郷283-5,1200,20261003,1150,50
吉野家,青森県,吉野家 102号線弘前高田店,青森県弘前市高田5丁目2‐4,1110,20261003,1050,60
吉野家,福岡県,吉野家 10号線片野店,福岡県北九州市小倉北区片野2丁目21‐30,1120,20261003,1100,20
吉野家,福島県,吉野家 118号線会津若松南店,福島県会津若松市西栄町5‐21,1110,20261003,1100,10
吉野家,香川県,吉野家 11号線国分寺店,香川県高松市国分寺町新居1354‐3,1150,20261003,1100,50
吉野家,愛媛県,吉野家 11号線松山久米店,愛媛県松山市北久米町973‐5,1150,20261003,1050,100
吉野家,徳島県,吉野家 11号線川内店,徳島県徳島市川内町鶴島107‐1,1150,20261003,1050,100
吉野家,山形県,吉野家 121号線米沢店,山形県米沢市徳町164‐5,1110,20261003,1050,60
吉野家,茨城県,吉野家 123号線茨城大学前店,茨城県水戸市堀町1066‐1,1150,20261003,1080,70
吉野家,茨城県,吉野家 124号線鹿嶋店,茨城県鹿嶋市宮中1970‐1,1150,20261003,1100,50
吉野家,茨城県,吉野家 124号線神栖店,茨城県神栖市大野原1丁目6‐3,1150,20261003,1100,50
吉野家,埼玉県,吉野家 125号線栗橋店,埼玉県久喜市栗橋東5丁目10‐14,1200,20261003,1150,50
吉野家,埼玉県,吉野家 125号線行田桜町店,埼玉県行田市桜町1丁目23‐5,1250,20261003,1200,50
吉野家,千葉県,吉野家 126号線旭店,千葉県旭市二520‐1,1250,20261003,1150,100
吉野家,千葉県,吉野家 126号線東金堀上店,千葉県東金市堀上256,1200,20261003,1150,50
吉野家,神奈川,吉野家 129号線上溝店,神奈川県相模原市中央区上溝2380‐6,1300,20261003,1250,50
吉野家,北海道,吉野家 12号線岩見沢店,北海道岩見沢市日の出町8‐20,1150,20261003,1100,50
吉野家,北海道,吉野家 12号線厚別東店,北海道札幌市厚別区厚別東4条3丁目24‐71,1150,20261003,1100,50
吉野家,神奈川,吉野家 134号線江ノ島店,神奈川県鎌倉市腰越3丁目4‐3,1300,20261003,1250,50
吉野家,静岡県,吉野家 139号富士伝法店,静岡県富士市伝法2379‐1,1250,20261003,1150,100
吉野家,秋田県,吉野家 13号線秋田川尻若葉町店,秋田県秋田市川尻若葉町5‐20,1110,20261003,1100,10
吉野家,埼玉県,吉野家 140号線花園インター店,埼玉県深谷市小前田476‐3,1250,20261003,1200,50
吉野家,埼玉県,吉野家 140号線秩父店,埼玉県秩父市中宮地町4‐24,1250,20261003,1200,50
吉野家,東京都,吉野家 14号線西小松川店,東京都江戸川区西小松川町37‐5,1330,20261003,1300,30
吉野家,千葉県,吉野家 14号線登戸店,千葉県千葉市中央区登戸2丁目3‐8,1250,20261003,1200,50
吉野家,千葉県,吉野家 14号線幕張店,千葉県千葉市花見川区幕張町1丁目7780‐1,1300,20261003,1200,100
吉野家,愛知県,吉野家 153号線和合店,愛知県愛知郡東郷町和合牛廻間166‐1,1250,20261003,1200,50
吉野家,愛知県,吉野家 155号線刈谷店,愛知県刈谷市新富町3‐411,1300,20261003,1200,100
吉野家,大阪府,吉野家 163号線門真店,大阪府門真市寿町21‐30,1250,20261003,1120,130
吉野家,神奈川,吉野家 16号線金沢文庫店,神奈川県横浜市金沢区谷津町151,1300,20261003,1250,50
吉野家,千葉県,吉野家 16号線五井店,千葉県市原市白金町4丁目8,1200,20261003,1150,50
吉野家,千葉県,吉野家 16号線若柴店,千葉県柏市若柴5‐10,1250,20261003,1200,50
吉野家,埼玉県,吉野家 16号線庄和町店,埼玉県春日部市西金野井303‐1,1250,20261003,1200,50
吉野家,東京都,吉野家 16号線昭島緑町店,東京都昭島市緑町3丁目5‐14,1300,20261003,1250,50
吉野家,千葉県,吉野家 16号線上三ヶ尾店,千葉県野田市上三ヶ尾205‐1,1250,20261003,1200,50
吉野家,神奈川,吉野家 16号線上鶴間店,神奈川県相模原市南区上鶴間本町9丁目2‐40,1300,20261003,1250,50
吉野家,神奈川,吉野家 16号線追浜店,神奈川県横須賀市追浜町1丁目38‐1,1300,20261003,1250,50
吉野家,埼玉県,吉野家 16号線入間扇町屋店,埼玉県入間市扇町屋5丁目4‐18,1280,20261003,1230,50
吉野家,東京都,吉野家 16号線八王子北野店,東京都八王子市北野町574‐1,1300,20261003,1250,50
吉野家,千葉県,吉野家 16号線八千代村上店,千葉県八千代市村上1608‐1,1200,20261003,1150,50
吉野家,千葉県,吉野家 16号線野田店,千葉県野田市船形2850‐1,1250,20261003,1150,100
吉野家,大阪府,吉野家 170号線東大阪布市店,大阪府東大阪市布市町4丁目332‐1,1250,20261003,1200,50
吉野家,大阪府,吉野家 170号線野崎店,大阪府大東市南津の辺町21‐38,1250,20261003,1200,50
吉野家,大阪府,吉野家 171号線茨木インター店,大阪府茨木市郡4丁目18‐35,1250,20261003,1200,50
吉野家,京都府,吉野家 171号線久世店,京都府京都市南区久世殿城町433,1200,20261003,1150,50
吉野家,大阪府,吉野家 171号線高槻市役所前店,大阪府高槻市城西町4‐46,1250,20261003,1200,50
吉野家,京都府,吉野家 171号線大山崎店,京都府乙訓郡大山崎町大山崎鏡田45‐30,1200,20261003,1150,50
吉野家,大阪府,吉野家 171号線箕面小野原店,大阪府箕面市粟生新家4丁目1‐2,1250,20261003,1120,130
吉野家,岡山県,吉野家 179号線津山店,岡山県津山市二宮1921‐4,1180,20261003,1050,130
吉野家,埼玉県,吉野家 17号線浦和常盤店,埼玉県さいたま市浦和区常盤6丁目2‐15,1280,20261003,1250,30
吉野家,群馬県,吉野家 17号線下之城店,群馬県高崎市下之城町178,1150,20261003,1100,50
吉野家,埼玉県,吉野家 17号線熊谷佐谷田店,埼玉県熊谷市佐谷田88‐1,1250,20261003,1200,50
吉野家,埼玉県,吉野家 17号線鴻巣店,埼玉県鴻巣市宮地1丁目8‐49,1250,20261003,1200,50
吉野家,埼玉県,吉野家 17号線深谷店,埼玉県深谷市国済寺503‐3,1250,20261003,1200,50
吉野家,群馬県,吉野家 17号線前橋関根町店,群馬県前橋市関根町2丁目9‐45,1150,20261003,1120,30
吉野家,埼玉県,吉野家 17号線本庄若泉店,埼玉県本庄市若泉1丁目9‐9,1250,20261003,1200,50
吉野家,埼玉県,吉野家 17号線与野本町店,埼玉県さいたま市中央区本町西4丁目15‐12,1250,20261003,1200,50
吉野家,広島県,吉野家 183号線古市橋店,広島県広島市安佐南区古市1丁目26-2,1200,20261003,1100,100
吉野家,広島県,吉野家 183号線広島三篠町店,広島県広島市西区三篠町3丁目21‐17,1300,20261003,1200,100
吉野家,徳島県,吉野家 192号線佐古店,徳島県徳島市佐古七番町7‐2,1150,20261003,1050,100
吉野家,香川県,吉野家 193号線高松仏生山店,香川県高松市仏生山町甲1319‐1,1150,20261003,1100,50
吉野家,愛媛県,吉野家 196号線平田店,愛媛県松山市平田町236‐1,1150,20261003,1050,100
吉野家,愛知県,吉野家 1号線安城店,愛知県安城市東栄町3丁目816-6,1250,20261003,1200,50
吉野家,愛知県,吉野家 1号線岡崎東店,愛知県岡崎市大平町杉本7‐1,1250,20261003,1200,50
吉野家,神奈川,吉野家 1号線国府津インター店,神奈川県小田原市国府津1丁目5‐4,1300,20261003,1250,50
吉野家,神奈川,吉野家 1号線三ッ沢中町店,神奈川県横浜市神奈川区三ッ沢中町9‐7,1300,20261003,1250,50
吉野家,京都府,吉野家 1号線山科店,京都府京都市山科区大塚森町11‐3,1200,20261003,1150,50
吉野家,神奈川,吉野家 1号線川崎遠藤町店,神奈川県川崎市幸区戸手2丁目‐1,1350,20261003,1250,100
吉野家,滋賀県,吉野家 1号線草津店,滋賀県草津市南笠東1丁目2‐23,1200,20261003,1150,50
吉野家,愛知県,吉野家 1号線豊明店,愛知県豊明市前後町ほら貝1389‐1,1250,20261003,1200,50
吉野家,大阪府,吉野家 1号線枚方店,大阪府枚方市宮之阪4丁目28‐39,1250,20261003,1180,70
吉野家,福岡県,吉野家 200号線飯塚店,福岡県飯塚市小正40‐3,1120,20261003,1100,20
吉野家,福岡県,吉野家 201号線篠栗店,福岡県糟屋郡篠栗町和田1丁目6-7,1120,20261003,1100,20
吉野家,福岡県,吉野家 202号線BP原店,福岡県福岡市早良区原4丁目25‐15,1120,20261003,1100,20
吉野家,福岡県,吉野家 202号線今宿店,福岡県福岡市西区横浜3丁目34‐2,1120,20261003,1060,60
吉野家,佐賀県,吉野家 208号線佐賀大学前店,佐賀県佐賀市本庄町本庄577‐1,1100,20261003,1070,30
吉野家,北海道,吉野家 228号線北斗七重浜店,北海道北斗市七重浜7丁目14‐18,1150,20261003,1100,50
吉野家,北海道,吉野家 230号線藻岩店,北海道札幌市南区南35条西10丁目13,1150,20261003,1100,50
吉野家,北海道,吉野家 231号線篠路店,北海道札幌市北区篠路2条1丁目2‐8,1150,20261003,1100,50
吉野家,神奈川,吉野家 246号線荏田店,神奈川県横浜市青葉区荏田町420‐3,1300,20261003,1250,50
吉野家,神奈川,吉野家 246号線座間店,神奈川県座間市西栗原2丁目7‐8,1300,20261003,1230,70
吉野家,神奈川,吉野家 246号線秦野店,神奈川県秦野市曽屋1336,1300,20261003,1250,50
吉野家,埼玉県,吉野家 254号線新座店,埼玉県新座市野火止1丁目7‐20,1250,20261003,1200,50
吉野家,山形県,吉野家 286号線山形南店,山形県山形市南原町2丁目8‐3,1120,20261003,1100,20
吉野家,宮城県,吉野家 286号線西多賀店,宮城県仙台市太白区鈎取1丁目1‐8,1120,20261003,1050,70
吉野家,茨城県,吉野家 294号線下館店,茨城県筑西市西谷貝330,1150,20261003,1100,50
吉野家,千葉県,吉野家 296号線富里店,千葉県富里市七栄127‐7,1300,20261003,1200,100
吉野家,山口県,吉野家 2号線下関長府店,山口県下関市長府才川1丁目42‐41,1150,20261003,1100,50
吉野家,岡山県,吉野家 2号線早島店,岡山県都窪郡早島町早島3458‐1,1180,20261003,1050,130
吉野家,広島県,吉野家 2号線福山久松通り店,広島県福山市延広町4‐15,1180,20261003,1100,80
吉野家,沖縄県,吉野家 329号線与那原店,沖縄県島尻郡与那原町与那原1043,1090,20261003,1050,40
吉野家,沖縄県,吉野家 330号線宜野湾店,沖縄県宜野湾市我如古1丁目54‐23,1090,20261003,1050,40
吉野家,沖縄県,吉野家 330号線壺川店,沖縄県那覇市壺川2丁目1‐6,1090,20261003,1050,40
吉野家,沖縄県,吉野家 331号線糸満店,沖縄県糸満市潮平772‐1,1090,20261003,1050,40
吉野家,青森県,吉野家 339号線五所川原店,青森県五所川原市烏森502,1110,20261003,1050,60
吉野家,茨城県,吉野家 349号線那珂菅谷店,茨城県那珂市竹ノ内1‐5‐16,1150,20261003,1080,70
吉野家,福岡県,吉野家 385号線那珂川店,福岡県那珂川市片縄東1丁目20‐3,1120,20261003,1100,20
吉野家,福岡県,吉野家 3号線宗像店,福岡県宗像市光岡300‐1,1120,20261003,1100,20
吉野家,福岡県,吉野家 3号線小倉清水店,福岡県北九州市小倉北区清水3丁目10‐8,1114,20261003,1060,54
吉野家,福岡県,吉野家 3号線箱崎店,福岡県福岡市東区箱崎2丁目42‐6,1120,20261003,1100,20
吉野家,埼玉県,吉野家 407号線妻沼店,埼玉県熊谷市妻沼1780‐1,1200,20261003,1150,50
吉野家,群馬県,吉野家 407号線太田店,群馬県太田市飯塚町1439‐1,1150,20261003,1100,50
吉野家,神奈川,吉野家 412号線厚木林店,神奈川県厚木市林4丁目20‐30,1300,20261003,1230,70
吉野家,岡山県,吉野家 430号線水島店,岡山県倉敷市東塚1丁目311‐1,1180,20261003,1050,130
吉野家,愛媛県,吉野家 437号線三津浜店,愛媛県松山市祓川1丁目2‐10,1150,20261003,1050,100
吉野家,宮城県,吉野家 45号線塩竃店,宮城県塩竈市杉の入4丁目33,1120,20261003,1050,70
吉野家,宮城県,吉野家 45号線仙台日の出町店,宮城県仙台市宮城野区日の出町2丁目1‐16,1120,20261003,1050,70
吉野家,宮城県,吉野家 45号線多賀城八幡店,宮城県多賀城市八幡4丁目2‐11,1120,20261003,1050,70
吉野家,青森県,吉野家 45号線八戸類家店,青森県八戸市類家4丁目1‐2,1110,20261003,1050,60
吉野家,埼玉県,吉野家 463号線南与野店,埼玉県さいたま市中央区鈴谷2丁目603‐2,1250,20261003,1200,50
吉野家,神奈川,吉野家 467号線六会店,神奈川県藤沢市亀井野2丁目4‐5,1280,20261003,1230,50
吉野家,福岡県,吉野家 495号線和白丘店,福岡県福岡市東区和白丘1丁目15‐4,1120,20261003,1100,20
吉野家,福島県,吉野家 49号線会津若松店,福島県会津若松市一箕町大字亀賀郷之原174‐1,1110,20261003,1100,10
吉野家,福島県,吉野家 49号線郡山安積店,福島県郡山市安積町日出山2丁目154‐1,1110,20261003,1100,10
吉野家,福島県,吉野家 49号線郡山桑野店,福島県郡山市桑野町4‐47‐1,1110,20261003,1100,10
吉野家,福島県,吉野家 4号線伊達店,福島県伊達市坂ノ上8‐1,1110,20261003,1080,30
吉野家,岩手県,吉野家 4号線一関店,岩手県一関市山目十二神19‐1,1100,20261003,1050,50
吉野家,埼玉県,吉野家 4号線越谷店,埼玉県越谷市谷中町1丁目134‐1,1250,20261003,1200,50
吉野家,宮城県,吉野家 4号線岩沼店,宮城県岩沼市末広1丁目241‐1,1120,20261003,1050,70
吉野家,宮城県,吉野家 4号線古川栄町店,宮城県大崎市古川栄町6‐25,1120,20261003,1050,70
吉野家,宮城県,吉野家 4号線古川店,宮城県大崎市古川若葉町2丁目12‐37,1120,20261003,1050,70
吉野家,埼玉県,吉野家 4号線春日部緑町店,埼玉県春日部市緑町6丁目15‐3,1250,20261003,1200,50
吉野家,栃木県,吉野家 4号線小山本郷店,栃木県小山市本郷町1丁目3‐20,1150,20261003,1100,50
吉野家,宮城県,吉野家 4号線松森店,宮城県仙台市泉区松森斉兵衛2‐8,1120,20261003,1050,70
吉野家,岩手県,吉野家 4号線水沢店,岩手県奥州市水沢区佐倉河前田80‐1,1100,20261003,1050,50
吉野家,埼玉県,吉野家 4号線杉戸高野台店,埼玉県幸手市上高野2070‐1,1230,20261003,1200,30
吉野家,青森県,吉野家 4号線青森栄町店,青森県青森市栄町1‐4（地番）,1110,20261003,1050,60
吉野家,宮城県,吉野家 4号線仙台山の寺店,宮城県仙台市泉区山の寺1丁目1‐3,1120,20261003,1050,70
吉野家,宮城県,吉野家 4号線大河原店,宮城県柴田郡大河原町新東20‐5,1120,20261003,1050,70
吉野家,東京都,吉野家 4号線梅島店,東京都足立区中央本町1丁目12‐2,1300,20261003,1250,50
吉野家,宮城県,吉野家 4号線白石店,宮城県白石市福岡蔵本西町78,1120,20261003,1050,70
吉野家,宮城県,吉野家 4号線富谷店,宮城県富谷市ひより台1丁目43‐5,1120,20261003,1050,70
吉野家,福島県,吉野家 4号線福島黒岩店,福島県福島市黒岩榎平58‐2,1110,20261003,1080,30
吉野家,福島県,吉野家 4号線福島入江町店,福島県福島市入江町14‐9,1110,20261003,1080,30
吉野家,岩手県,吉野家 4号線北上常盤台店,岩手県北上市常盤台4丁目10‐44,1100,20261003,1050,50
吉野家,福島県,吉野家 4号線本宮店,福島県本宮市本宮栄田68‐1,1110,20261003,1100,10
吉野家,宮城県,吉野家 4号線名取店,宮城県名取市上余田干刈田569‐1,1120,20261003,1050,70
吉野家,栃木県,吉野家 4号線矢板店,栃木県矢板市中930‐1,1130,20261003,1080,50
吉野家,茨城県,吉野家 50号水戸河和田店,茨城県水戸市河和田2丁目2229‐2,1150,20261003,1080,70
吉野家,岡山県,吉野家 53号線国体町店,岡山県岡山市北区南方5丁目1‐2,1180,20261003,1100,80
吉野家,沖縄県,吉野家 58号線那覇新都心店,沖縄県那覇市天久2丁目6‐5,1090,20261003,1050,40
吉野家,沖縄県,吉野家 58号線北谷桑江店,沖縄県中頭郡北谷町桑江93‐3,1120,20261003,1050,70
吉野家,沖縄県,吉野家 58号線牧港店,沖縄県浦添市牧港5丁目5‐7,1090,20261003,1050,40
吉野家,茨城県,吉野家 6号線常陸多賀店,茨城県日立市桜川町2丁目2‐3,1150,20261003,1080,70
吉野家,茨城県,吉野家 6号線日立神峰店,茨城県日立市神峰町1丁目8‐15,1150,20261003,1080,70
吉野家,東京都,吉野家 6号線白鳥店,東京都葛飾区白鳥2丁目21‐24,1300,20261003,1250,50
吉野家,秋田県,吉野家 7号線秋田土崎店,秋田県秋田市土崎港相染町家ノ下44,1110,20261003,1100,10
吉野家,青森県,吉野家 7号線青森西店,青森県青森市石江高間39‐1,1110,20261003,1100,10
吉野家,滋賀県,吉野家 8号線栗東店,滋賀県栗東市出庭542,1200,20261003,1150,50
吉野家,新潟県,吉野家 8号線黒埼店,新潟県新潟市西区山田662,1120,20261003,1100,20
吉野家,新潟県,吉野家 8号線長岡寺島店,新潟県長岡市寺島町307‐1,1120,20261003,1100,20
吉野家,滋賀県,吉野家 8号線彦根店,滋賀県彦根市東沼波町138‐1,1200,20261003,1150,50
吉野家,滋賀県,吉野家 8号線野洲店,滋賀県野洲市小篠原481‐1,1200,20261003,1150,50
吉野家,京都府,吉野家 9号線亀岡千代川店,京都府亀岡市千代川町高野林西田7‐27,1200,20261003,1150,50
吉野家,京都府,吉野家 9号線洛西中山店,京都府京都市西京区大枝中山町1‐124,1200,20261003,1150,50
吉野家,新潟県,吉野家 CoCoLo新潟店,新潟県新潟市中央区花園一丁目1番1号,1120,20261003,1100,20
吉野家,大阪府,吉野家 JR茨木駅前店,大阪府茨木市西駅前町5‐36,1250,20261003,1200,50
吉野家,茨城県,吉野家 JR古河駅店,茨城県古河市本町1‐1‐15,1150,20261003,1100,50
吉野家,大阪府,吉野家 JR西九条駅店,大阪府大阪市此花区西九条3丁目16,1250,20261003,1200,50
吉野家,東京都,吉野家 JR拝島駅店,東京都昭島市松原町4丁目14‐4,1350,20261003,1300,50
吉野家,神奈川,吉野家 R246愛甲石田店,神奈川県伊勢原市石田597‐3,1300,20261003,1250,50
吉野家,千葉県,吉野家 TXGA流山おおたかの森店,千葉県流山市おおたかの森北一丁目1番地の1,1300,20261003,1200,100
吉野家,栃木県,吉野家 VAL小山エキナカ店,栃木県小山市城山町3丁目3‐22,1150,20261003,1100,50
吉野家,沖縄県,吉野家 うるま志林川店,沖縄県うるま市高江洲1079‐1,1090,20261003,1050,40
吉野家,千葉県,吉野家 こてはし台店,千葉県千葉市花見川区大日町1363,1250,20261003,1150,100
吉野家,埼玉県,吉野家 せんげん台駅西口店,埼玉県越谷市千間台西1丁目67,1250,20261003,1200,50
吉野家,茨城県,吉野家 ひたちなか西光地店,茨城県ひたちなか市西光地3丁目1‐1,1150,20261003,1080,70
吉野家,茨城県,吉野家 ひたちなか店,茨城県ひたちなか市中根3169‐2,1150,20261003,1080,70
吉野家,東京都,吉野家 ひばりが丘店,東京都西東京市ひばりが丘北4丁目1‐32,1300,20261003,1250,50
吉野家,沖縄県,吉野家 ひめゆり通り店,沖縄県那覇市壺屋2‐6‐5,1090,20261003,1050,40
吉野家,群馬県,吉野家 みどり大間々店,群馬県みどり市大間々町大間々382‐1,1150,20261003,1120,30
吉野家,福岡県,吉野家 もちだんご村MALL店,福岡県直方市下境920‐2,1150,20261003,1060,90
吉野家,岐阜県,吉野家 アスティ岐阜駅店,岐阜県岐阜市橋本町1丁目10‐1,1200,20261003,1150,50
吉野家,静岡県,吉野家 アスティ静岡駅店,静岡県静岡市葵区黒金町47,1200,20261003,1150,50
吉野家,鹿児島,吉野家 アミュプラザ鹿児島店,鹿児島県鹿児島市中央町1‐1,1100,20261003,1050,50
吉野家,大阪府,吉野家 アル・プラザ香里園店,大阪府寝屋川市日新町5‐5,1250,20261003,1180,70
吉野家,大阪府,吉野家 イオンタウン茨木太田店,大阪府茨木市城の前町二丁目1 1階 121‐1区画,1250,20261003,1200,50
吉野家,沖縄県,吉野家 イオンタウン宮古南店,沖縄県宮古島市平良松原631,1210,20261003,1100,110
吉野家,京都府,吉野家 イオンタウン山科椥辻店,京都府京都市山科区椥辻草海道町15番1号,1200,20261003,1150,50
吉野家,東京都,吉野家 イオンモール多摩平の森店,東京都日野市多摩平二丁目4‐1 イオンモール多摩平の森1F,1280,20261003,1250,30
吉野家,沖縄県,吉野家 イオン浦西店,沖縄県浦添市前田3丁目土地区画整理地内19街区40画地の一部,1090,20261003,1050,40
吉野家,北海道,吉野家 イオン札幌桑園店,北海道札幌市中央区北8条西14丁目28 イオン札幌桑園1階フードコート,1150,20261003,1100,50
吉野家,千葉県,吉野家 イオン新浦安店,千葉県浦安市入船1‐4‐1 イオン新浦安1階フードコート,1300,20261003,1250,50
吉野家,神奈川,吉野家 イオン相模原店,神奈川県相模原市南区古淵2丁目10‐1,1300,20261003,1250,50
吉野家,沖縄県,吉野家 イオン北谷店,沖縄県中頭郡北谷町美浜8‐3,1120,20261003,1050,70
吉野家,埼玉県,吉野家 エキア越谷店,埼玉県越谷市弥生町4‐11,1250,20261003,1200,50
吉野家,東京都,吉野家 エキア北千住店,東京都足立区千住旭町42‐1,1330,20261003,1300,30
吉野家,埼玉県,吉野家 カインズ羽生店,埼玉県羽生市小松457‐1,1250,20261003,1200,50
吉野家,茨城県,吉野家 カインズ結城店,茨城県結城市結城9784‐3,1150,20261003,1100,50
吉野家,千葉県,吉野家 カインズ千葉NT店,千葉県印西市泉野1丁目144‐6,1250,20261003,1200,50
吉野家,千葉県,吉野家 カインズ木更津店,千葉県木更津市金田東3丁目1‐3,1300,20261003,1250,50
吉野家,神奈川,吉野家 センター南駅店,神奈川県横浜市都筑区茅ヶ崎中央1‐1,1350,20261003,1300,50
吉野家,福岡県,吉野家 チャチャタウン小倉店,福岡県北九州市小倉北区砂津3丁目1‐1 チャチャタウン小倉1F,1120,20261003,1060,60
吉野家,沖縄県,吉野家 パイプライン浦添店,沖縄県浦添市屋富祖1丁目1‐2,1090,20261003,1050,40
吉野家,大阪府,吉野家 ビエラ高槻南店,大阪府高槻市紺屋町1‐3,1250,20261003,1200,50
吉野家,千葉県,吉野家 ペリエ千葉店,千葉県千葉市中央区新千葉1丁目1‐1,1250,20261003,1200,50
吉野家,神奈川,吉野家 マックスバリュー平塚河内店,神奈川県平塚市河内2丁目18-55,1300,20261003,1250,50
吉野家,神奈川,吉野家 モレラ東戸塚西口店,神奈川県横浜市戸塚区川上町91‐1,1300,20261003,1250,50
吉野家,山口県,吉野家 リピエ下関店,山口県下関市竹崎町4丁目3‐3,1150,20261003,1100,50
吉野家,北海道,吉野家 旭川4条通店,北海道旭川市4条通2丁目924‐2,1150,20261003,1100,50
吉野家,北海道,吉野家 旭川永山店,北海道旭川市永山3条8丁目1‐5,1150,20261003,1100,50
吉野家,北海道,吉野家 旭川豊岡店,北海道旭川市豊岡1条4丁目340‐43,1150,20261003,1100,50
吉野家,東京都,吉野家 綾瀬駅東口店,東京都足立区綾瀬3丁目1‐1‐15,1330,20261003,1300,30
吉野家,神奈川,吉野家 綾瀬市役所南通り店,神奈川県綾瀬市深谷中4丁目6‐14,1300,20261003,1230,70
吉野家,神奈川,吉野家 伊勢佐木町店,神奈川県横浜市中区伊勢佐木町4丁目109,1300,20261003,1250,50
吉野家,静岡県,吉野家 伊東店,静岡県伊東市静海町11‐8,1170,20261003,1130,40
吉野家,静岡県,吉野家 伊豆長岡店,静岡県伊豆の国市南條211‐4,1170,20261003,1130,40
吉野家,長野県,吉野家 伊那店,長野県伊那市中央4699番1,1150,20261003,1100,50
吉野家,愛媛県,吉野家 伊予松前店,愛媛県伊予郡松前町北黒田240‐1,1150,20261003,1100,50
吉野家,福岡県,吉野家 井尻駅前店,福岡県福岡市南区井尻4丁目1‐37,1120,20261003,1060,60
吉野家,愛知県,吉野家 一宮妙興寺店,愛知県一宮市妙興寺1丁目2‐10,1200,20261003,1150,50
吉野家,東京都,吉野家 一橋学園店,東京都小平市学園東町1-5-7（豊正ビル1F）,1280,20261003,1230,50
吉野家,愛知県,吉野家 稲沢下津店,愛知県稲沢市下津下町西1丁目62‐1,1200,20261003,1150,50
吉野家,愛知県,吉野家 稲沢市役所前店,愛知県稲沢市船橋町花ノ木1191‐1,1200,20261003,1150,50
吉野家,千葉県,吉野家 稲毛駅東口店,千葉県千葉市稲毛区小仲台2丁目7‐13,1250,20261003,1200,50
吉野家,大阪府,吉野家 茨田店,大阪府大阪市鶴見区浜3丁目7‐107,1250,20261003,1200,50
吉野家,大阪府,吉野家 茨木真砂店,大阪府茨木市真砂1丁目2‐4,1250,20261003,1200,50
吉野家,京都府,吉野家 宇治槙島店,京都府宇治市槙島町一の坪39,1200,20261003,1180,20
吉野家,栃木県,吉野家 宇都宮今泉店,栃木県宇都宮市中今泉5丁目37‐4,1130,20261003,1100,30
吉野家,栃木県,吉野家 宇都宮大曽店,栃木県宇都宮市上大曽町361‐1,1130,20261003,1100,30
吉野家,埼玉県,吉野家 浦和駅東口店,埼玉県さいたま市浦和区東仲町1‐22,1280,20261003,1250,30
吉野家,埼玉県,吉野家 浦和仲町店,埼玉県さいたま市浦和区仲町2丁目3‐22,1280,20261003,1250,30
吉野家,東京都,吉野家 曳舟店,東京都墨田区京島1丁目1‐1‐101,1330,20261003,1300,30
吉野家,愛知県,吉野家 栄生店,愛知県名古屋市西区栄生1丁目32‐16,1200,20261003,1150,50
吉野家,埼玉県,吉野家 越谷宮前店,埼玉県越谷市宮前 1 丁目4‐7,1250,20261003,1200,50
吉野家,新潟県,吉野家 燕三条店,新潟県三条市上須頃323,1120,20261003,1100,20
吉野家,愛知県,吉野家 塩釜口店,愛知県名古屋市天白区塩釜口1丁目832,1200,20261003,1150,50
吉野家,長野県,吉野家 塩尻店,長野県塩尻市広丘高出1783‐1,1150,20261003,1100,50
吉野家,東京都,吉野家 押上店,東京都墨田区押上1丁目19‐1,1330,20261003,1300,30
吉野家,神奈川,吉野家 横須賀三春町店,神奈川県横須賀市三春町4丁目28‐1,1300,20261003,1250,50
吉野家,大阪府,吉野家 横堤店,大阪府大阪市鶴見区横堤3丁目6‐44,1250,20261003,1200,50
吉野家,神奈川,吉野家 横浜駅西口店,神奈川県横浜市西区南幸2丁目7‐15,1400,20261003,1350,50
吉野家,神奈川,吉野家 横浜駅東口店,神奈川県横浜市西区高島2‐14‐13,1400,20261003,1350,50
吉野家,東京都,吉野家 王子神谷店,東京都北区王子5丁目10‐1,1350,20261003,1300,50
吉野家,東京都,吉野家 王子東店,東京都北区王子1丁目6‐7,1350,20261003,1300,50
吉野家,愛知県,吉野家 岡崎北店,愛知県岡崎市井ノ口新町1‐3,1250,20261003,1200,50
吉野家,岡山県,吉野家 岡山裁判所前店,岡山県岡山市北区富田町1丁目4‐8,1200,20261003,1100,100
吉野家,岡山県,吉野家 岡山松浜店,岡山県岡山市南区松浜町15‐28,1180,20261003,1100,80
吉野家,岡山県,吉野家 岡山新保店,岡山県岡山市南区新保1614‐1,1180,20261003,1100,80
吉野家,岡山県,吉野家 岡山大安寺店,岡山県岡山市北区大安寺南町1丁目6‐1,1180,20261003,1100,80
吉野家,岡山県,吉野家 岡山桃太郎通り店,岡山県岡山市北区本町2‐9,1200,20261003,1100,100
吉野家,岡山県,吉野家 岡山平井店,岡山県岡山市中区平井4丁目24‐32,1180,20261003,1100,80
吉野家,沖縄県,吉野家 沖縄南インター店,沖縄県沖縄市上地4丁目20‐7,1090,20261003,1050,40
吉野家,徳島県,吉野家 沖浜南店,徳島県徳島市八万町大野178‐3,1150,20261003,1050,100
吉野家,東京都,吉野家 荻窪北口店,東京都杉並区上荻1丁目15‐2,1350,20261003,1300,50
吉野家,山口県,吉野家 下関幡生店,山口県下関市生野町2丁目28‐4,1150,20261003,1100,50
吉野家,埼玉県,吉野家 下笹目店,埼玉県戸田市笹目6丁目21‐4,1250,20261003,1200,50
吉野家,神奈川,吉野家 下鶴間店,神奈川県大和市鶴間1丁目27‐8,1300,20261003,1250,50
吉野家,岐阜県,吉野家 可児店,岐阜県可児市下恵土4131‐1,1250,20261003,1200,50
吉野家,岩手県,吉野家 花巻中央店,岩手県花巻市里川口町2‐2,1100,20261003,1050,50
吉野家,神奈川,吉野家 海老名上郷店,神奈川県海老名市上郷389-1,1300,20261003,1230,70
吉野家,京都府,吉野家 外環状線醍醐店,京都府京都市伏見区醍醐大構町15‐5,1200,20261003,1150,50
吉野家,埼玉県,吉野家 外環和光北インター通り店,埼玉県朝霞市台久田257‐1,1330,20261003,1300,30
吉野家,岐阜県,吉野家 各務原店,岐阜県各務原市鵜沼三ツ池町2丁目151,1150,20261003,1100,50
吉野家,静岡県,吉野家 掛川店,静岡県掛川市城西2丁目13‐5,1200,20261003,1100,100
吉野家,茨城県,吉野家 笠間友部店,茨城県笠間市東平3丁目1‐14,1150,20261003,1100,50
吉野家,東京都,吉野家 葛西駅前店,東京都江戸川区中葛西5丁目43‐1,1350,20261003,1300,50
吉野家,愛知県,吉野家 蒲郡店,愛知県蒲郡市竹谷町松本22‐1,1230,20261003,1200,30
吉野家,神奈川,吉野家 茅ヶ崎駅南口店,神奈川県茅ヶ崎市幸町2‐10,1300,20261003,1250,50
吉野家,神奈川,吉野家 茅ヶ崎円蔵店,神奈川県茅ヶ崎市円蔵1丁目24‐10,1300,20261003,1250,50
吉野家,神奈川,吉野家 寒川一之宮店,神奈川県高座郡寒川町一之宮2丁目12‐15,1300,20261003,1250,50
吉野家,神奈川,吉野家 環状2号線下永谷店,神奈川県横浜市港南区下永谷6丁目10‐20,1300,20261003,1250,50
吉野家,神奈川,吉野家 環状4号線下瀬谷店,神奈川県横浜市瀬谷区下瀬谷2丁目18‐17,1300,20261003,1250,50
吉野家,神奈川,吉野家 環状4号線霧が丘店,神奈川県横浜市緑区霧が丘2丁目2‐3,1300,20261003,1250,50
吉野家,愛媛県,吉野家 環状線和泉店,愛媛県松山市土居田町94‐1,1150,20261003,1050,100
吉野家,北海道,吉野家 環状通東店,北海道札幌市東区北15条東17丁目1,1150,20261003,1100,50
吉野家,福岡県,吉野家 甘木店,福岡県朝倉市甘木32-1,1150,20261003,1070,80
吉野家,神奈川,吉野家 関内店,神奈川県横浜市中区真砂町3丁目32,1350,20261003,1300,50
吉野家,愛知県,吉野家 丸田町店,愛知県名古屋市中区栄5丁目25‐28,1300,20261003,1250,50
吉野家,愛知県,吉野家 岩倉店,愛知県岩倉市大地新町3丁目10‐1,1200,20261003,1150,50
吉野家,岐阜県,吉野家 岐阜羽島店,岐阜県羽島市竹鼻町丸の内1丁目1,1200,20261003,1100,100
吉野家,岐阜県,吉野家 岐阜市橋店,岐阜県岐阜市市橋2丁目8‐2,1200,20261003,1100,100
吉野家,岐阜県,吉野家 岐阜則武店,岐阜県岐阜市則武中2丁目35‐7,1200,20261003,1100,100
吉野家,宮城県,吉野家 気仙沼店,宮城県気仙沼市田中前2丁目1‐5,1120,20261003,1050,70
吉野家,東京都,吉野家 亀戸駅前店,東京都江東区亀戸2丁目20‐7,1330,20261003,1300,30
吉野家,三重県,吉野家 亀山店,三重県亀山市東御幸町穴淵224‐2,1150,20261003,1100,50
吉野家,東京都,吉野家 亀有駅前店,東京都葛飾区亀有3‐7‐7,1300,20261003,1250,50
吉野家,東京都,吉野家 吉祥寺北店,東京都武蔵野市吉祥寺本町1丁目8‐3,1400,20261003,1350,50
吉野家,福岡県,吉野家 吉塚店,福岡県福岡市東区馬出1丁目24‐44,1120,20261003,1100,20
吉野家,埼玉県,吉野家 久喜店,埼玉県久喜市久喜本785‐1,1200,20261003,1150,50
吉野家,福岡県,吉野家 久留米市役所前店,福岡県久留米市中央町23‐2,1120,20261003,1100,20
吉野家,福岡県,吉野家 久留米上津店,福岡県久留米市上津町1417‐14,1120,20261003,1070,50
吉野家,宮城県,吉野家 宮城佐沼店,宮城県登米市迫町佐沼萩洗2丁目1‐3,1120,20261003,1050,70
吉野家,茨城県,吉野家 牛久南店,茨城県牛久市南6丁目4‐5,1150,20261003,1100,50
吉野家,東京都,吉野家 京王多摩センター店,東京都多摩市落合1丁目10‐1,1300,20261003,1250,50
吉野家,神奈川,吉野家 京急杉田店,神奈川県横浜市磯子区杉田1丁目17‐1 プララSugita 1階,1280,20261003,1250,30
吉野家,大阪府,吉野家 京阪くずは駅店,大阪府枚方市楠葉花園町14-1,1250,20261003,1180,70
吉野家,東京都,吉野家 京成高砂駅前店,東京都葛飾区高砂5丁目29‐11,1300,20261003,1250,50
吉野家,東京都,吉野家 京成青砥駅前店,東京都葛飾区青砥3丁目37‐2 Hanakoビル,1300,20261003,1250,50
吉野家,千葉県,吉野家 京成船橋店,千葉県船橋市本町1丁目5‐1,1300,20261003,1250,50
吉野家,京都府,吉野家 京都競馬場店,京都府京都市伏見区葭島渡場町32京都競馬場内1F,1180,20261003,1060,120
吉野家,埼玉県,吉野家 狭山台店,埼玉県狭山市狭山台1丁目2‐5,1280,20261003,1200,80
吉野家,群馬県,吉野家 玉村上飯島店,群馬県佐波郡玉村町上飯島269‐1,1150,20261003,1100,50
吉野家,東京都,吉野家 錦糸町南口店,東京都墨田区江東橋3丁目14‐13,1330,20261003,1300,30
吉野家,東京都,吉野家 錦糸町北口店,東京都墨田区錦糸2丁目4‐10,1330,20261003,1300,30
吉野家,滋賀県,吉野家 近江八幡店,滋賀県近江八幡市鷹飼町1478,1200,20261003,1150,50
吉野家,三重県,吉野家 近鉄四日市店,三重県四日市市安島1丁目1‐20,1300,20261003,1200,100
吉野家,石川県,吉野家 金沢もりの里店,石川県金沢市もりの里1丁目60,1150,20261003,1100,50
吉野家,石川県,吉野家 金沢三馬店,石川県金沢市三馬3‐345,1150,20261003,1100,50
吉野家,石川県,吉野家 金沢新神田店,石川県金沢市新神田2丁目13‐10,1150,20261003,1100,50
吉野家,石川県,吉野家 金沢畝田店,石川県金沢市畝田西1丁目103,1150,20261003,1100,50
吉野家,東京都,吉野家 金町北口店,東京都葛飾区東金町1丁目22‐11,1300,20261003,1250,50
吉野家,東京都,吉野家 駒込駅東口店,東京都北区中里1丁目‐6‐4,1280,20261003,1250,30
吉野家,北海道,吉野家 釧路鳥取大通店,北海道釧路市鳥取大通7丁目6‐1,1150,20261003,1100,50
吉野家,埼玉県,吉野家 熊谷駅北口店,埼玉県熊谷市筑波2丁目112,1250,20261003,1200,50
吉野家,三重県,吉野家 桑名店,三重県桑名市江場676‐1,1150,20261003,1100,50
吉野家,福島県,吉野家 郡山さくら通り店,福島県郡山市虎丸町9‐15,1110,20261003,1100,10
吉野家,東京都,吉野家 経堂店,東京都世田谷区経堂1‐4‐10 アイハラビル,1280,20261003,1230,50
吉野家,神奈川,吉野家 元住吉駅前店,神奈川県川崎市中原区木月2丁目3‐1,1280,20261003,1250,30
吉野家,千葉県,吉野家 古市場店,千葉県千葉市緑区古市場町624‐1,1200,20261003,1150,50
吉野家,神奈川,吉野家 戸塚駅西口店,神奈川県横浜市戸塚区戸塚町16‐1B204,1300,20261003,1250,50
吉野家,埼玉県,吉野家 戸田喜沢店,埼玉県戸田市喜沢1丁目23‐1,1250,20261003,1200,50
吉野家,埼玉県,吉野家 戸田新曽店,埼玉県戸田市新曽2097,1250,20261003,1200,50
吉野家,東京都,吉野家 五日市街道並木町店,東京都国分寺市並木町2丁目23‐7,1300,20261003,1250,50
吉野家,広島県,吉野家 呉広本町店,広島県呉市広本町1丁目13‐8,1250,20261003,1200,50
吉野家,石川県,吉野家 御経塚店,石川県野々市市御経塚2丁目16,1150,20261003,1100,50
吉野家,東京都,吉野家 御徒町駅前店,東京都台東区上野4丁目2‐1,1330,20261003,1300,30
吉野家,東京都,吉野家 護国寺店,東京都文京区音羽2丁目2‐2,1330,20261003,1300,30
吉野家,神奈川,吉野家 厚木街道東希望が丘店,神奈川県横浜市旭区東希望が丘42,1300,20261003,1250,50
吉野家,神奈川,吉野家 厚木関口店,神奈川県厚木市関口236ー5,1280,20261003,1230,50
吉野家,神奈川,吉野家 向ヶ丘駅前店,神奈川県川崎市多摩区登戸2737‐5,1300,20261003,1230,70
吉野家,広島県,吉野家 広島駅北口店,広島県広島市南区松原町1‐2 ekie広島1階,1250,20261003,1200,50
吉野家,青森県,吉野家 弘前中央通り店,青森県弘前市北瓦ヶ町7‐1,1110,20261003,1050,60
吉野家,神奈川,吉野家 弘明寺店,神奈川県横浜市南区弘明寺町133‐1,1280,20261003,1250,30
吉野家,東京都,吉野家 江戸川区役所前店,東京都江戸川区中央1丁目12‐8,1330,20261003,1300,30
吉野家,愛知県,吉野家 江南店,愛知県江南市高屋町西里5‐2,1200,20261003,1150,50
吉野家,神奈川,吉野家 港南台店,神奈川県横浜市港南区港南台2丁目24‐1,1300,20261003,1250,50
吉野家,神奈川,吉野家 港北ニュータウン店,神奈川県横浜市都筑区茅ヶ崎南2丁目11‐10,1300,20261003,1250,50
吉野家,神奈川,吉野家 綱島駅東口店,神奈川県横浜市港北区綱島西1丁目1‐32,1300,20261003,1250,50
吉野家,茨城県,吉野家 荒川沖店,茨城県稲敷郡阿見町住吉2丁目24‐6,1150,20261003,1100,50
吉野家,神奈川,吉野家 行幸道路相武台店,神奈川県座間市相武台1丁目24‐1,1300,20261003,1250,50
吉野家,東京都,吉野家 高円寺駅前店,東京都杉並区高円寺北2丁目4‐7,1350,20261003,1300,50
吉野家,富山県,吉野家 高岡上北島店,富山県高岡市上北島40‐1,1150,20261003,1100,50
吉野家,富山県,吉野家 高岡宝町店,富山県高岡市宝町2‐18,1250,20261003,1200,50
吉野家,福岡県,吉野家 高宮駅前店,福岡県福岡市南区高宮5丁目1‐1,1114,20261003,1060,54
吉野家,群馬県,吉野家 高崎環状線上豊岡店,群馬県高崎市上豊岡町833‐1,1150,20261003,1100,50
吉野家,群馬県,吉野家 高崎上大類町店,群馬県高崎市上大類町1018‐1,1150,20261003,1100,50
吉野家,群馬県,吉野家 高崎飯塚町店,群馬県高崎市飯塚町475‐1,1150,20261003,1100,50
吉野家,香川県,吉野家 高松屋島店,香川県高松市新田町甲69番地5,1150,20261003,1050,100
吉野家,香川県,吉野家 高松瓦町店,香川県高松市南新町8‐1,1200,20261003,1150,50
吉野家,香川県,吉野家 高松栗林店,香川県高松市東ハゼ町2‐14,1150,20261003,1050,100
吉野家,香川県,吉野家 高松中央インター店,香川県高松市木太町581‐4,1150,20261003,1100,50
吉野家,大阪府,吉野家 高槻若松町店,大阪府高槻市若松町3‐6,1250,20261003,1200,50
吉野家,東京都,吉野家 高島平大門店,東京都板橋区高島平3丁目3‐2,1330,20261003,1250,80
吉野家,大阪府,吉野家 鴻池新田店,大阪府東大阪市中鴻池町2丁目1‐7,1250,20261003,1200,50
吉野家,愛知県,吉野家 国際センター店,愛知県名古屋市中村区那古野1丁目46‐12,1200,20261003,1150,50
吉野家,東京都,吉野家 根津店,東京都文京区根津2丁目18‐12,1330,20261003,1300,30
吉野家,長野県,吉野家 佐久平店,長野県佐久市佐久平駅南19‐1,1150,20261003,1100,50
吉野家,山口県,吉野家 佐波川SA下り店,山口県防府市佐野452‐2,1150,20261003,1100,50
吉野家,山口県,吉野家 佐波川SA上り店,山口県防府市佐野1431,1150,20261003,1100,50
吉野家,大阪府,吉野家 阪急茨木市駅前店,大阪府茨木市別院町3‐1,1250,20261003,1200,50
吉野家,大阪府,吉野家 阪急淡路駅東口店,大阪府大阪市東淀川区淡路4‐17‐11,1250,20261003,1180,70
吉野家,愛知県,吉野家 笹原店,愛知県名古屋市天白区福池2丁目419,1200,20261003,1150,50
吉野家,北海道,吉野家 札幌西町店,北海道札幌市西区西町南11丁目1‐38,1150,20261003,1100,50
吉野家,北海道,吉野家 札幌狸小路店,北海道札幌市中央区南3条西4丁目12‐1,1400,20261003,1300,100
吉野家,北海道,吉野家 札幌伏古店,北海道札幌市東区伏古11条4丁目1‐5,1150,20261003,1100,50
吉野家,北海道,吉野家 札幌麻生店,北海道札幌市北区北40条西5丁目331‐1,1150,20261003,1100,50
吉野家,東京都,吉野家 雑色店,東京都大田区仲六郷2丁目42‐3,1300,20261003,1226,74
吉野家,福井県,吉野家 鯖江店,福井県鯖江市東鯖江1丁目3‐2,1200,20261003,1100,100
吉野家,東京都,吉野家 三ノ輪店,東京都台東区根岸5丁目18‐15,1330,20261003,1300,30
吉野家,埼玉県,吉野家 三郷上彦名店,埼玉県三郷市上彦名417‐1,1280,20261003,1250,30
吉野家,埼玉県,吉野家 三郷中央店,埼玉県三郷市中央5丁目45‐6,1280,20261003,1250,30
吉野家,山形県,吉野家 山形西バイパス店,山形県山形市西田2丁目24‐1,1130,20261003,1100,30
吉野家,山口県,吉野家 山口中央店,山口県山口市中央4丁目6-7,1150,20261003,1100,50
吉野家,山口県,吉野家 山口防府店,山口県防府市八王子1丁目19‐12,1150,20261003,1100,50
吉野家,山口県,吉野家 山陽小野田店,山口県山陽小野田市日の出2丁目8-4,1150,20261003,1100,50
吉野家,愛知県,吉野家 四軒家店,愛知県名古屋市守山区白山2丁目808,1200,20261003,1150,50
吉野家,神奈川,吉野家 子母口店,神奈川県川崎市高津区子母口521‐2,1300,20261003,1250,50
吉野家,千葉県,吉野家 市川駅前店,千葉県市川市市川1丁目8‐2,1300,20261003,1250,50
吉野家,愛知県,吉野家 市大病院前店,愛知県名古屋市瑞穂区瑞穂通1丁目2,1200,20261003,1150,50
吉野家,東京都,吉野家 志村坂上店,東京都板橋区志村2‐1‐4,1280,20261003,1250,30
吉野家,北海道,吉野家 室蘭中島店,北海道室蘭市中島町3‐35‐2,1150,20261003,1100,50
吉野家,大阪府,吉野家 守口駅前店,大阪府守口市京阪本通2丁目15‐13,1250,20261003,1200,50
吉野家,愛知県,吉野家 守山松川橋店,愛知県名古屋市守山区白沢町1,1200,20261003,1150,50
吉野家,愛知県,吉野家 守山店,愛知県名古屋市守山区大谷町1‐43,1200,20261003,1150,50
吉野家,北海道,吉野家 手稲前田店,北海道札幌市手稲区前田5条6丁目3‐18,1150,20261003,1100,50
吉野家,秋田県,吉野家 秋田駅ビルトピコ店,秋田県秋田市中通7丁目1‐2,1110,20261003,1100,10
吉野家,秋田県,吉野家 秋田広面店,秋田県秋田市広面樋ノ沖82‐2,1110,20261003,1100,10
吉野家,東京都,吉野家 秋葉原中央通り店,東京都千代田区外神田1丁目11‐8,1380,20261003,1350,30
吉野家,東京都,吉野家 秋葉原店,東京都千代田区神田松永町10‐1,1380,20261003,1350,30
吉野家,千葉県,吉野家 習志野台店,千葉県船橋市習志野1丁目9‐23,1250,20261003,1200,50
吉野家,千葉県,吉野家 習志野藤崎店,千葉県習志野市藤崎4丁目3‐15,1250,20261003,1200,50
吉野家,愛知県,吉野家 十番町店,愛知県名古屋市中川区十番町2丁目9,1200,20261003,1150,50
吉野家,群馬県,吉野家 渋川インター店,群馬県渋川市半田2479‐1,1150,20261003,1100,50
吉野家,神奈川,吉野家 宿河原店,神奈川県川崎市多摩区長尾5‐19,1300,20261003,1250,50
吉野家,愛知県,吉野家 春日井出川町店,愛知県春日井市出川町8丁目10‐6,1200,20261003,1150,50
吉野家,愛知県,吉野家 春日井浅山町店,愛知県春日井市浅山町1311‐4,1200,20261003,1150,50
吉野家,愛知県,吉野家 春日井店,愛知県春日井市鳥居松町1丁目15‐297,1200,20261003,1150,50
吉野家,福岡県,吉野家 春日宝町店,福岡県春日市宝町4丁目24‐6,1120,20261003,1100,20
吉野家,埼玉県,吉野家 所沢駅前店,埼玉県所沢市日吉町11‐20,1300,20261003,1250,50
吉野家,新潟県,吉野家 女池上山店,新潟県新潟市中央区女池上山2丁目17‐6,1120,20261003,1100,20
吉野家,千葉県,吉野家 勝田台駅店,千葉県八千代市勝田台1-8-1 勝田台駅構内,1200,20261003,1150,50
吉野家,愛知県,吉野家 小割通店,愛知県名古屋市港区小割通3丁目1,1200,20261003,1150,50
吉野家,東京都,吉野家 小岩駅南口店,東京都江戸川区南小岩7丁目25‐1,1330,20261003,1300,30
吉野家,東京都,吉野家 小岩北口店,東京都江戸川区西小岩3丁目‐31‐10,1330,20261003,1300,30
吉野家,東京都,吉野家 小金井店,東京都小金井市前原町4丁目13‐7,1280,20261003,1250,30
吉野家,福岡県,吉野家 小倉京町店,福岡県北九州市小倉北区京町2丁目6‐18,1120,20261003,1100,20
吉野家,福岡県,吉野家 小倉競馬場店,福岡県北九州市小倉南区北方4丁目5‐1,1120,20261003,1060,60
吉野家,福岡県,吉野家 小倉中井店,福岡県北九州市小倉北区中井2丁目7‐21,1120,20261003,1060,60
吉野家,福岡県,吉野家 小倉南葛原店,福岡県北九州市小倉南区葛原東1丁目6,1120,20261003,1100,20
吉野家,神奈川,吉野家 小田急海老名駅店,神奈川県海老名市めぐみ町1‐1,1300,20261003,1250,50
吉野家,神奈川,吉野家 小田急新百合ヶ丘駅店,神奈川県川崎市麻生区万福寺1‐18‐1,1350,20261003,1300,50
吉野家,神奈川,吉野家 小田急大和駅前店,神奈川県大和市中央1丁目1‐26,1300,20261003,1230,70
吉野家,東京都,吉野家 小田急町田駅南口店,東京都町田市原町田6丁目11‐7,1350,20261003,1300,50
吉野家,東京都,吉野家 小田急鶴川駅店,東京都町田市能ヶ谷1‐6‐2,1300,20261003,1250,50
吉野家,神奈川,吉野家 小田原駅前店,神奈川県小田原市栄町1丁目14‐3,1300,20261003,1280,20
吉野家,愛知県,吉野家 小牧岩崎店,愛知県小牧市岩崎5丁目195,1200,20261003,1150,50
吉野家,愛知県,吉野家 小牧店,愛知県小牧市小木東1丁目140,1200,20261003,1150,50
吉野家,愛知県,吉野家 庄内緑地公園店,愛知県名古屋市西区南川町15,1200,20261003,1150,50
吉野家,東京都,吉野家 昭島モリタウン店,東京都昭島市田中町562‐1,1280,20261003,1230,50
吉野家,千葉県,吉野家 松戸西口店,千葉県松戸市本町20‐2,1250,20261003,1200,50
吉野家,千葉県,吉野家 松戸東口店,千葉県松戸市松戸1230‐1,1250,20261003,1200,50
吉野家,島根県,吉野家 松江学園通り店,島根県松江市学園1丁目17‐20,1150,20261003,1100,50
吉野家,三重県,吉野家 松阪朝日町店,三重県松阪市朝日町一区10-15,1250,20261003,1200,50
吉野家,愛媛県,吉野家 松山枝松店,愛媛県松山市枝松1丁目9‐8,1150,20261003,1100,50
吉野家,愛媛県,吉野家 松山竹原店,愛媛県松山市竹原2丁目1‐39,1150,20261003,1100,50
吉野家,愛知県,吉野家 松葉公園店,愛知県名古屋市中川区太平通1丁目13,1200,20261003,1150,50
吉野家,静岡県,吉野家 沼津南店,静岡県沼津市上香貫1374,1170,20261003,1130,40
吉野家,神奈川,吉野家 湘南新道辻堂店,神奈川県藤沢市辻堂太平台2丁目1‐14,1300,20261003,1250,50
吉野家,静岡県,吉野家 焼津店,静岡県焼津市八楠4丁目3‐11,1170,20261003,1100,70
吉野家,新潟県,吉野家 上越高田店,新潟県上越市木田3丁目5‐17,1120,20261003,1100,20
吉野家,北海道,吉野家 上江別店,北海道江別市上江別427‐27他（地番）,1150,20261003,1100,50
吉野家,愛知県,吉野家 上前津店,愛知県名古屋市中区大須4丁目11‐44,1230,20261003,1200,30
吉野家,長野県,吉野家 上田国分店,長野県上田市国分1丁目962‐1,1150,20261003,1100,50
吉野家,東京都,吉野家 上野駅前店,東京都台東区上野7丁目3‐2,1330,20261003,1300,30
吉野家,東京都,吉野家 上野毛店,東京都世田谷区上野毛1‐25‐5 BOA1F,1300,20261003,1226,74
吉野家,大阪府,吉野家 城北公園前店,大阪府大阪市旭区生江三丁目16‐34,1250,20261003,1200,50
吉野家,愛知県,吉野家 常滑店,愛知県常滑市虹の丘7丁目98,1230,20261003,1200,30
吉野家,神奈川,吉野家 尻手店,神奈川県横浜市鶴見区尻手2丁目ー5ー1,1350,20261003,1250,100
吉野家,大阪府,吉野家 寝屋川市駅前店,大阪府寝屋川市早子町23‐2,1250,20261003,1200,50
吉野家,大阪府,吉野家 寝屋川仁和寺店,大阪府寝屋川市仁和寺町12‐15,1250,20261003,1200,50
吉野家,新潟県,吉野家 新潟海老ケ瀬IC店,新潟県新潟市東区大形本町5丁目16‐6,1120,20261003,1100,20
吉野家,新潟県,吉野家 新潟競馬場店,新潟県新潟市北区笹山3490,1110,20261003,1050,60
吉野家,北海道,吉野家 新琴似4番通店,北海道札幌市北区新琴似八条17丁目765‐3,1150,20261003,1100,50
吉野家,東京都,吉野家 新小岩駅前店,東京都葛飾区新小岩1丁目43‐3,1330,20261003,1300,30
吉野家,東京都,吉野家 新青梅街道島忠小平店,東京都東久留米市前沢5丁目33‐17,1280,20261003,1250,30
吉野家,東京都,吉野家 新青梅街道東大和店,東京都東大和市蔵敷3丁目889‐1,1300,20261003,1250,50
吉野家,大阪府,吉野家 新梅田食道街店,大阪府大阪市北区角田町9‐17,1300,20261003,1250,50
吉野家,神奈川,吉野家 新百合ヶ丘津久井道店,神奈川県川崎市麻生区片平1丁目7‐5,1350,20261003,1300,50
吉野家,愛知県,吉野家 甚目寺店,愛知県あま市下萱津五反田57,1200,20261003,1150,50
吉野家,大阪府,吉野家 吹田山田店,大阪府吹田市山田西2丁目7‐14,1250,20261003,1120,130
吉野家,茨城県,吉野家 水戸駅店,茨城県水戸市宮町1丁目1‐1,1150,20261003,1100,50
吉野家,茨城県,吉野家 水戸笠原店,茨城県水戸市笠原町1194‐2,1150,20261003,1080,70
吉野家,茨城県,吉野家 水戸城南店,茨城県水戸市城南3丁目7‐9,1150,20261003,1080,70
吉野家,岐阜県,吉野家 瑞穂店,岐阜県瑞穂市馬場小城町1丁目23,1200,20261003,1100,100
吉野家,岐阜県,吉野家 瑞浪店,岐阜県瑞浪市上平町4丁目86,1150,20261003,1100,50
吉野家,千葉県,吉野家 成田国際空港第2サテライト店,千葉県成田市古込1‐1第2ターミナルビル南テラス3F80番コンコースF3100,1350,20261003,1300,50
吉野家,東京都,吉野家 晴海トリトンスクエア店,東京都中央区晴海1丁目8‐16,1280,20261003,1250,30
吉野家,静岡県,吉野家 清水駅店,静岡県静岡市清水区真砂町1‐1,1170,20261003,1100,70
吉野家,静岡県,吉野家 清水大坪店,静岡県静岡市清水区大坪1丁目9‐11,1170,20261003,1100,70
吉野家,岩手県,吉野家 盛岡インター店,岩手県盛岡市稲荷町1‐30,1110,20261003,1100,10
吉野家,岩手県,吉野家 盛岡フェザン店,岩手県盛岡市盛岡駅前通1‐44 盛岡駅ビルフェザン本館B1F,1110,20261003,1100,10
吉野家,岩手県,吉野家 盛岡月が丘店,岩手県盛岡市月が丘2丁目8‐5,1110,20261003,1100,10
吉野家,岩手県,吉野家 盛岡南仙北店,岩手県盛岡市南仙北2‐27‐6,1110,20261003,1100,10
吉野家,東京都,吉野家 西荻窪駅前店,東京都杉並区西荻北3丁目19‐3,1350,20261003,1300,50
吉野家,東京都,吉野家 西葛西駅1番街店,東京都江戸川区西葛西6丁目14‐2,1350,20261003,1300,50
吉野家,京都府,吉野家 西京極七条店,京都府京都市右京区西京極佃田町17,1270,20261003,1250,20
吉野家,静岡県,吉野家 西沢田店,静岡県沼津市西沢田279‐1,1170,20261003,1130,40
吉野家,東京都,吉野家 西日暮里店,東京都荒川区西日暮里5丁目14‐11,1330,20261003,1300,30
吉野家,東京都,吉野家 西八王子駅北口店,東京都八王子市千人町2丁目20‐2,1300,20261003,1250,50
吉野家,愛知県,吉野家 西尾店,愛知県西尾市下町神明下59,1250,20261003,1200,50
吉野家,青森県,吉野家 青森駅前店,青森県青森市新町1丁目1‐12,1110,20261003,1050,60
吉野家,東京都,吉野家 青梅新町店,東京都青梅市新町5‐3‐14,1300,20261003,1250,50
吉野家,神奈川,吉野家 青葉成合店,神奈川県横浜市青葉区たちばな台1‐20‐24,1300,20261003,1250,50
吉野家,静岡県,吉野家 静岡SBS通り店,静岡県静岡市駿河区中田4丁目7‐21,1170,20261003,1100,70
吉野家,静岡県,吉野家 静岡インター通り店,静岡県静岡市駿河区西中原1丁目949‐1,1170,20261003,1100,70
吉野家,静岡県,吉野家 静岡呉服町通り店,静岡県静岡市葵区紺屋町6‐12,1200,20261003,1150,50
吉野家,静岡県,吉野家 静岡瀬名川店,静岡県静岡市葵区瀬名川2丁目4‐10,1200,20261003,1150,50
吉野家,宮城県,吉野家 石巻バイパス店,宮城県石巻市南中里4丁目7‐19,1130,20261003,1050,80
吉野家,宮城県,吉野家 石巻大街道店,宮城県石巻市大街道西1丁目2‐10,1130,20261003,1050,80
吉野家,愛知県,吉野家 赤塚PA上り店,愛知県豊川市市田町北山7‐20,1230,20261003,1200,30
吉野家,宮城県,吉野家 仙台イービーンズ店,宮城県仙台市青葉区中央4丁目1‐1,1120,20261003,1050,70
吉野家,宮城県,吉野家 仙台駅西口店,宮城県仙台市青葉区中央1丁目7‐1,1120,20261003,1050,70
吉野家,宮城県,吉野家 仙台駅東口店,宮城県仙台市宮城野区榴岡2丁目1‐20,1120,20261003,1050,70
吉野家,宮城県,吉野家 仙台加茂店,宮城県仙台市泉区加茂2丁目1‐1,1120,20261003,1050,70
吉野家,宮城県,吉野家 仙台河原町店,宮城県仙台市若林区河原町1丁目1‐27,1120,20261003,1050,70
吉野家,宮城県,吉野家 仙台宮千代店,宮城県仙台市宮城野区宮千代2丁目2‐8,1120,20261003,1050,70
吉野家,宮城県,吉野家 仙台高砂店,宮城県仙台市宮城野区福室4丁目18‐22,1120,20261003,1050,70
吉野家,宮城県,吉野家 仙台中山店,宮城県仙台市泉区南中山1丁目41‐1,1120,20261003,1050,70
吉野家,宮城県,吉野家 仙台長町南店,宮城県仙台市太白区長町8丁目21‐6,1120,20261003,1050,70
吉野家,宮城県,吉野家 仙台藤松店,宮城県仙台市青葉区藤松2丁目10,1120,20261003,1050,70
吉野家,宮城県,吉野家 仙台北目町通店,宮城県仙台市青葉区中央4丁目9番14号,1120,20261003,1050,70
吉野家,宮城県,吉野家 仙台六丁の目店,宮城県仙台市若林区六丁の目赤沼2‐1,1120,20261003,1050,70
吉野家,東京都,吉野家 千歳烏山北口店,東京都世田谷区南烏山四丁目12‐6 AMビル1F,1350,20261003,1300,50
吉野家,千葉県,吉野家 千葉さつきが丘店,千葉県千葉市花見川区犢橋町1102‐3,1250,20261003,1150,100
吉野家,東京都,吉野家 千葉街道南小岩店,東京都江戸川区南小岩8丁目2‐20,1330,20261003,1300,30
吉野家,千葉県,吉野家 千葉中央店,千葉県千葉市中央区富士見2丁目22‐15,1250,20261003,1200,50
吉野家,東京都,吉野家 川越街道成増店,東京都板橋区成増1丁目28‐14,1300,20261003,1250,50
吉野家,埼玉県,吉野家 川越的場店,埼玉県川越市的場801‐1,1250,20261003,1200,50
吉野家,埼玉県,吉野家 川越北環状線上寺山店,埼玉県川越市上寺山東田397‐7,1250,20261003,1200,50
吉野家,埼玉県,吉野家 川口駅東口店,埼玉県川口市川口1丁目1‐1,1280,20261003,1250,30
吉野家,東京都,吉野家 川崎街道矢野口店,東京都稲城市矢野口868,1350,20261003,1300,50
吉野家,神奈川,吉野家 川崎西口店,神奈川県川崎市幸区中幸町4丁目51,1350,20261003,1300,50
吉野家,神奈川,吉野家 川崎平店,神奈川県川崎市宮前区平2丁目‐4‐15,1300,20261003,1230,70
吉野家,東京都,吉野家 浅草駅前店,東京都台東区花川戸1丁目5‐2,1380,20261003,1350,30
吉野家,東京都,吉野家 浅草橋駅東口店,東京都台東区浅草橋1‐30‐1,1330,20261003,1300,30
吉野家,東京都,吉野家 浅草通り稲荷町店,東京都台東区東上野3丁目33‐8,1330,20261003,1300,30
吉野家,千葉県,吉野家 船橋二和東店,千葉県船橋市二和東6丁目2‐3,1200,20261003,1150,50
吉野家,群馬県,吉野家 前橋小相木店,群馬県前橋市小相木町279‐1,1150,20261003,1100,50
吉野家,東京都,吉野家 祖師ケ谷大蔵駅前店,東京都世田谷区砧6丁目39‐6,1350,20261003,1300,50
吉野家,福岡県,吉野家 早良街道西新店,福岡県福岡市早良区曙1丁目13‐25,1120,20261003,1100,20
吉野家,東京都,吉野家 巣鴨南口店,東京都豊島区巣鴨1丁目12‐3,1330,20261003,1300,30
吉野家,福島県,吉野家 相馬店,福島県相馬市塚ノ町1丁目14‐7,1110,20261003,1050,60
吉野家,神奈川,吉野家 相模原二本松店,神奈川県相模原市緑区二本松3丁目31番,1300,20261003,1250,50
吉野家,神奈川,吉野家 相模原富士見店,神奈川県相模原市中央区富士見2丁目1‐1,1300,20261003,1250,50
吉野家,神奈川,吉野家 相模原緑が丘店,神奈川県相模原市中央区緑が丘1‐12‐18,1300,20261003,1250,50
吉野家,岡山県,吉野家 総社店,岡山県総社市中央5丁目10‐102,1180,20261003,1100,80
吉野家,埼玉県,吉野家 草加ヴァリエ店,埼玉県草加市高砂468‐1 草加駅高架下,1300,20261003,1250,50
吉野家,埼玉県,吉野家 草加新栄店,埼玉県草加市新栄1丁目57‐10,1250,20261003,1200,50
吉野家,埼玉県,吉野家 草加新田店,埼玉県草加市旭町1丁目4‐36,1250,20261003,1200,50
吉野家,埼玉県,吉野家 草加柳島店,埼玉県草加市柳島650‐3,1280,20261003,1250,30
吉野家,静岡県,吉野家 足柄サービスエリア下り店,静岡県駿東郡小山町桑木603‐18,1400,20261003,1300,100
吉野家,東京都,吉野家 足立保木間店,東京都足立区保木間1丁目27‐1,1300,20261003,1250,50
吉野家,岐阜県,吉野家 多治見店,岐阜県多治見市小田町4丁目30‐1,1200,20261003,1100,100
吉野家,群馬県,吉野家 太田丸山店,群馬県太田市丸山町1277,1150,20261003,1100,50
吉野家,静岡県,吉野家 袋井店,静岡県袋井市川井杉の木990‐5,1200,20261003,1100,100
吉野家,神奈川,吉野家 大井松田店,神奈川県足柄上郡大井町金子1842,1300,20261003,1250,50
吉野家,愛媛県,吉野家 大街道店,愛媛県松山市大街道2丁目6‐2,1150,20261003,1100,50
吉野家,秋田県,吉野家 大館清水店,秋田県大館市清水2丁目1‐1,1120,20261003,1050,70
吉野家,埼玉県,吉野家 大宮西口店,埼玉県さいたま市大宮区桜木町1丁目1‐11,1280,20261003,1250,30
吉野家,埼玉県,吉野家 大宮店,埼玉県さいたま市大宮区仲町1丁目97,1280,20261003,1250,30
吉野家,埼玉県,吉野家 大宮東口店,埼玉県さいたま市大宮区大門町1丁目17‐1,1330,20261003,1300,30
吉野家,福岡県,吉野家 大橋店,福岡県福岡市南区大橋1丁目19‐22,1120,20261003,1100,20
吉野家,東京都,吉野家 大山駅前店,東京都板橋区大山町4‐6,1300,20261003,1250,50
吉野家,大阪府,吉野家 大手前店,大阪府大阪市中央区谷町2丁目7‐6,1300,20261003,1250,50
吉野家,大阪府,吉野家 大正店,大阪府大阪市大正区三軒家東1丁目19‐9,1250,20261003,1200,50
吉野家,群馬県,吉野家 大泉中央店,群馬県邑楽郡大泉町中央2丁目1436,1150,20261003,1100,50
吉野家,神奈川,吉野家 大船駅笠間口東店,神奈川県鎌倉市大船1‐26‐33,1300,20261003,1250,50
吉野家,福岡県,吉野家 大池通り長丘店,福岡県福岡市南区長丘5丁目15‐1,1120,20261003,1100,20
吉野家,滋賀県,吉野家 大津堅田店,滋賀県大津市本堅田5丁目22‐9,1200,20261003,1150,50
吉野家,滋賀県,吉野家 大津膳所店,滋賀県大津市におの浜3丁目1‐57,1200,20261003,1150,50
吉野家,東京都,吉野家 大塚店,東京都豊島区南大塚2丁目46‐3,1330,20261003,1300,30
吉野家,栃木県,吉野家 大田原美原店,栃木県大田原市美原1丁目7‐25,1130,20261003,1100,30
吉野家,大阪府,吉野家 大東曙町店,大阪府大東市曙町3‐13,1250,20261003,1200,50
吉野家,愛知県,吉野家 大府店,愛知県大府市吉田町半ノ木89‐3,1230,20261003,1200,30
吉野家,福岡県,吉野家 大野城店,福岡県大野城市瓦田4丁目12‐40,1120,20261003,1100,20
吉野家,大阪府,吉野家 大和田駅前店,大阪府門真市野里町1‐32,1250,20261003,1200,50
吉野家,北海道,吉野家 滝川店,北海道滝川市新町3丁目15‐3,1150,20261003,1100,50
吉野家,東京都,吉野家 池袋メトロポリタン通り店,東京都豊島区西池袋1丁目4‐7,1330,20261003,1300,30
吉野家,東京都,吉野家 竹ノ塚駅前店,東京都足立区竹之塚6‐5‐3,1300,20261003,1250,50
吉野家,大阪府,吉野家 中央環状線久宝寺店,大阪府東大阪市大蓮東4丁目11-33,1250,20261003,1120,130
吉野家,大阪府,吉野家 中央大通深江橋店,大阪府大阪市東成区東今里2丁目2‐6,1250,20261003,1200,50
吉野家,大阪府,吉野家 中環学園町店,大阪府摂津市学園町1丁目7‐44,1250,20261003,1200,50
吉野家,神奈川,吉野家 中原街道上白根店,神奈川県横浜市旭区上白根町729‐7,1300,20261003,1250,50
吉野家,千葉県,吉野家 中山競馬場前店,千葉県市川市若宮3丁目48‐3,1250,20261003,1200,50
吉野家,愛知県,吉野家 中村公園店,愛知県名古屋市中村区太閤通9丁目15‐2,1200,20261003,1150,50
吉野家,大阪府,吉野家 朝潮橋店,大阪府大阪市港区八幡屋1丁目1‐15,1300,20261003,1200,100
吉野家,東京都,吉野家 町田街道小山町店,東京都町田市小山町3647‐1,1300,20261003,1250,50
吉野家,東京都,吉野家 町田根岸店,東京都町田市根岸町1019‐8,1350,20261003,1300,50
吉野家,東京都,吉野家 町田小川店,東京都町田市小川3丁目2‐1,1350,20261003,1300,50
吉野家,新潟県,吉野家 長岡リップス川崎店,新潟県長岡市川崎町1374‐5,1120,20261003,1100,20
吉野家,愛知県,吉野家 長久手店,愛知県長久手市市が洞3丁目1802,1200,20261003,1150,50
吉野家,大阪府,吉野家 長居公園通り店,大阪府大阪市東住吉区照ヶ丘矢田1‐23‐1,1250,20261003,1120,130
吉野家,静岡県,吉野家 長泉店,静岡県駿東郡長泉町納米里199‐1,1170,20261003,1130,40
吉野家,神奈川,吉野家 長津田店,神奈川県横浜市緑区長津田6丁目11‐24,1300,20261003,1250,50
吉野家,滋賀県,吉野家 長浜店,滋賀県長浜市八幡東町13‐1,1200,20261003,1150,50
吉野家,長野県,吉野家 長野篠ノ井店,長野県長野市合戦場3丁目38,1150,20261003,1100,50
吉野家,長野県,吉野家 長野中御所店,長野県長野市中御所4丁目8‐15,1150,20261003,1100,50
吉野家,長野県,吉野家 長野徳間店,長野県長野市徳間3145,1150,20261003,1100,50
吉野家,佐賀県,吉野家 鳥栖本町店,佐賀県鳥栖市本町3丁目1502,1130,20261003,1070,60
吉野家,三重県,吉野家 津駅チャム店,三重県津市羽所町1191‐1,1150,20261003,1100,50
吉野家,三重県,吉野家 津乙部店,三重県津市大字乙部字北浦2025,1150,20261003,1100,50
吉野家,愛知県,吉野家 津島金柳店,愛知県津島市金柳町観音堂20,1200,20261003,1150,50
吉野家,三重県,吉野家 津南店,三重県津市高茶屋小森町441‐7,1150,20261003,1100,50
吉野家,神奈川,吉野家 辻堂南口店,神奈川県藤沢市辻堂1丁目3,1300,20261003,1250,50
吉野家,愛知県,吉野家 辻本通店,愛知県名古屋市北区辻本通3丁目26,1200,20261003,1150,50
吉野家,神奈川,吉野家 鶴見駅西口店,神奈川県横浜市鶴見区豊岡町14‐28,1280,20261003,1250,30
吉野家,群馬県,吉野家 天川大島店,群馬県前橋市天川大島町1丁目33‐4,1150,20261003,1100,50
吉野家,東京都,吉野家 田原町店,東京都台東区西浅草1丁目7‐20,1380,20261003,1350,30
吉野家,東京都,吉野家 田端店,東京都北区田端新町2丁目8‐8 トワイズ田端,1330,20261003,1300,30
吉野家,千葉県,吉野家 都営線本八幡店,千葉県市川市八幡2丁目16‐14,1300,20261003,1250,50
吉野家,千葉県,吉野家 都賀駅前店,千葉県千葉市若葉区都賀3‐3‐1,1200,20261003,1150,50
吉野家,富山県,吉野家 砺波店,富山県砺波市太郎丸3丁目94,1250,20261003,1200,50
吉野家,茨城県,吉野家 土浦真鍋店,茨城県土浦市真鍋2丁目1‐28,1150,20261003,1100,50
吉野家,高知県,吉野家 土佐バイパス店,高知県高知市鴨部3丁目24‐25,1150,20261003,1050,100
吉野家,静岡県,吉野家 島田店,静岡県島田市中河町8964‐1,1170,20261003,1100,70
吉野家,埼玉県,吉野家 東浦和店,埼玉県さいたま市緑区東浦和8丁目1‐13,1250,20261003,1200,50
吉野家,愛知県,吉野家 東岡崎駅前店,愛知県岡崎市明大寺本町4丁目16,1200,20261003,1150,50
吉野家,千葉県,吉野家 東我孫子店,千葉県我孫子市東我孫子2‐36‐25,1200,20261003,1150,50
吉野家,東京都,吉野家 東久留米下里店,東京都東久留米市下里1丁目10‐4,1300,20261003,1250,50
吉野家,神奈川,吉野家 東急中央林間駅店,神奈川県大和市中央林間4丁目6‐3,1300,20261003,1250,50
吉野家,福岡県,吉野家 東光寺店,福岡県福岡市博多区東光寺町1丁目5‐2,1120,20261003,1100,20
吉野家,広島県,吉野家 東広島西条店,広島県東広島市西条土与丸5丁目3‐22,1300,20261003,1200,100
吉野家,福岡県,吉野家 東合川店,福岡県久留米市東合川2丁目3‐21,1120,20261003,1100,20
吉野家,埼玉県,吉野家 東松山新郷店,埼玉県東松山市新郷189‐2,1250,20261003,1200,50
吉野家,東京都,吉野家 東新小岩店,東京都葛飾区東新小岩3丁目13‐3,1330,20261003,1300,30
吉野家,神奈川,吉野家 東林間店,神奈川県相模原市南区上鶴間7‐6‐6 中島ビル1階,1280,20261003,1250,30
吉野家,静岡県,吉野家 藤枝小石川店,静岡県藤枝市小石川町1丁目6‐19,1200,20261003,1150,50
吉野家,神奈川,吉野家 藤沢駅北口店,神奈川県藤沢市藤沢420‐3,1300,20261003,1250,50
吉野家,神奈川,吉野家 藤沢石川店,神奈川県藤沢市石川1丁目1‐18,1300,20261003,1250,50
吉野家,神奈川,吉野家 藤沢南口店,神奈川県藤沢市南藤沢20‐5,1300,20261003,1250,50
吉野家,山口県,吉野家 徳山駅前店,山口県周南市有楽町2,1150,20261003,1100,50
吉野家,福岡県,吉野家 那の川店,福岡県福岡市中央区白金2丁目11‐16,1120,20261003,1100,20
吉野家,沖縄県,吉野家 那覇空港際内TB店,沖縄県那覇市鏡水150,1210,20261003,1050,160
吉野家,沖縄県,吉野家 那覇東バイパス国場店,沖縄県那覇市字国場333‐1,1090,20261003,1050,40
吉野家,福岡県,吉野家 南バイパス太宰府店,福岡県太宰府市梅香苑1丁目1‐41,1120,20261003,1100,20
吉野家,埼玉県,吉野家 南越谷店,埼玉県越谷市南越谷1丁目23‐1,1250,20261003,1200,50
吉野家,福島県,吉野家 二本松安達店,福島県二本松市油井字福岡440,1110,20261003,1100,10
吉野家,広島県,吉野家 廿日市宮内店,広島県廿日市市宮内二丁目1番2号,1250,20261003,1200,50
吉野家,神奈川,吉野家 日吉駅前店,神奈川県横浜市港北区日吉本町1丁目22‐10,1300,20261003,1250,50
吉野家,茨城県,吉野家 日立川尻店,茨城県日立市川尻町4丁目29‐23,1150,20261003,1080,70
吉野家,東京都,吉野家 入谷店,東京都台東区入谷1丁目6‐6,1330,20261003,1300,30
吉野家,愛知県,吉野家 熱田神宮伝馬町店,愛知県名古屋市熱田区神宮2丁目6‐12,1200,20261003,1150,50
吉野家,東京都,吉野家 梅島駅前店,東京都足立区梅田8丁目2‐14,1300,20261003,1250,50
吉野家,千葉県,吉野家 柏西口店,千葉県柏市旭町1丁目4‐18,1250,20261003,1200,50
吉野家,千葉県,吉野家 柏東口店,千葉県柏市柏1丁目5‐19,1250,20261003,1200,50
吉野家,三重県,吉野家 白子店,三重県鈴鹿市白子駅前6‐39,1150,20261003,1100,50
吉野家,北海道,吉野家 白石本通店,北海道札幌市白石区本通12丁目南4ー13,1150,20261003,1100,50
吉野家,北海道,吉野家 函館神山店,北海道函館市神山2丁目7-1,1150,20261003,1100,50
吉野家,東京都,吉野家 八王子大和田店,東京都八王子市大和田5‐3‐3,1300,20261003,1250,50
吉野家,青森県,吉野家 八戸石堂店,青森県八戸市石堂2丁目21‐8,1150,20261003,1050,100
吉野家,千葉県,吉野家 八千代台西口店,千葉県八千代市八千代台西1丁目10,1250,20261003,1150,100
吉野家,埼玉県,吉野家 八潮店,埼玉県八潮市上馬場476‐1,1230,20261003,1200,30
吉野家,滋賀県,吉野家 八日市インター店,滋賀県東近江市妙法寺町708,1200,20261003,1150,50
吉野家,福岡県,吉野家 八幡折尾店,福岡県北九州市八幡西区丸尾町6‐9,1120,20261003,1060,60
吉野家,愛知県,吉野家 半田店,愛知県半田市星崎町3丁目22‐4,1230,20261003,1200,30
吉野家,静岡県,吉野家 磐田店,静岡県磐田市二之宮東13‐3,1170,20261003,1150,20
吉野家,東京都,吉野家 尾久橋通り皿沼店,東京都足立区皿沼3丁目32‐1,1330,20261003,1300,30
吉野家,愛知県,吉野家 尾西店,愛知県一宮市三条道東45‐1,1200,20261003,1150,50
吉野家,愛知県,吉野家 尾張旭印場店,愛知県尾張旭市白鳳町2丁目32,1200,20261003,1150,50
吉野家,愛知県,吉野家 尾張旭三郷店,愛知県尾張旭市井田町1丁目85,1200,20261003,1150,50
吉野家,愛知県,吉野家 尾頭橋店,愛知県名古屋市中川区尾頭橋1丁目8‐9,1200,20261003,1150,50
吉野家,静岡県,吉野家 浜松ディーラー通り店,静岡県浜松市中央区和田町779‐1,1170,20261003,1150,20
吉野家,静岡県,吉野家 浜松駅店,静岡県浜松市中央区砂山町322‐4,1170,20261003,1150,20
吉野家,静岡県,吉野家 浜松志都呂店,静岡県浜松市中央区志都呂1丁目32‐10,1170,20261003,1100,70
吉野家,静岡県,吉野家 浜松若林店,静岡県浜松市中央区若林町2744‐4,1200,20261003,1150,50
吉野家,静岡県,吉野家 浜松西インター店,静岡県浜松市中央区湖東町3053,1170,20261003,1100,70
吉野家,静岡県,吉野家 浜松石原町店,静岡県浜松市中央区石原町693,1170,20261003,1100,70
吉野家,富山県,吉野家 富山駅前店,富山県富山市桜町1‐4‐17,1200,20261003,1100,100
吉野家,富山県,吉野家 富山呉羽店,富山県富山市呉羽町7275‐2,1200,20261003,1100,100
吉野家,富山県,吉野家 富山城南公園前店,富山県富山市花園町3丁目8‐10,1200,20261003,1100,100
吉野家,富山県,吉野家 富山田中町店,富山県富山市田中町5丁目4‐13,1200,20261003,1100,100
吉野家,富山県,吉野家 富山本郷新店,富山県富山市本郷新14‐5,1200,20261003,1100,100
吉野家,静岡県,吉野家 富士宮店,静岡県富士宮市淀師1111‐2,1170,20261003,1150,20
吉野家,三重県,吉野家 富洲原店,三重県三重郡川越町豊田318‐1,1150,20261003,1100,50
吉野家,福井県,吉野家 武生店,福井県越前市新保町30‐50‐2,1200,20261003,1100,100
吉野家,神奈川,吉野家 武蔵新城店,神奈川県川崎市中原区上新城2‐1‐22,1280,20261003,1230,50
吉野家,東京都,吉野家 武蔵村山店,東京都武蔵村山市中原3丁目1‐2,1300,20261003,1250,50
吉野家,京都府,吉野家 伏見南店,京都府京都市伏見区横大路下三栖辻堂町38‐1,1250,20261003,1200,50
吉野家,福井県,吉野家 福井花堂店,福井県福井市花堂北2丁目1212,1150,20261003,1100,50
吉野家,福井県,吉野家 福井成和店,福井県福井市成和1丁目914,1150,20261003,1100,50
吉野家,福井県,吉野家 福井大手店,福井県福井市大手1丁目2‐18,1150,20261003,1100,50
吉野家,福岡県,吉野家 福岡空港国際ターミナルビル店,福岡県福岡市博多区青木739,1150,20261003,1060,90
吉野家,福岡県,吉野家 福岡原田店,福岡県福岡市東区原田3丁目3‐26,1120,20261003,1100,20
吉野家,福岡県,吉野家 福岡石丸店,福岡県福岡市西区石丸三丁目2番1号,1120,20261003,1100,20
吉野家,広島県,吉野家 福山手城町店,広島県福山市手城町4丁目7‐10,1180,20261003,1100,80
吉野家,広島県,吉野家 福山新涯店,広島県福山市新涯町5丁目34‐14,1180,20261003,1100,80
吉野家,東京都,吉野家 福生店,東京都福生市福生799‐5,1300,20261003,1250,50
吉野家,大阪府,吉野家 福島駅前店,大阪府大阪市福島区福島5丁目14‐12,1300,20261003,1250,50
吉野家,東京都,吉野家 平井店,東京都江戸川区平井5丁目15‐7,1330,20261003,1300,30
吉野家,愛知県,吉野家 平手店,愛知県名古屋市緑区平手南1丁目201,1200,20261003,1150,50
吉野家,愛知県,吉野家 平針店,愛知県名古屋市天白区平針5丁目102,1200,20261003,1150,50
吉野家,神奈川,吉野家 平塚駅前店,神奈川県平塚市紅谷町2‐1,1300,20261003,1250,50
吉野家,神奈川,吉野家 平塚大神店,神奈川県平塚市大神8丁目2番1号,1300,20261003,1230,70
吉野家,神奈川,吉野家 平塚天沼店,神奈川県平塚市天沼1‐42,1300,20261003,1250,50
吉野家,東京都,吉野家 方南町店,東京都杉並区方南2丁目21‐5,1300,20261003,1250,50
吉野家,沖縄県,吉野家 泡瀬ベイストリート店,沖縄県沖縄市泡瀬4丁目20‐11,1090,20261003,1050,40
吉野家,愛知県,吉野家 豊橋曙町店,愛知県豊橋市曙町南松原8‐1,1200,20261003,1150,50
吉野家,愛知県,吉野家 豊場南店,愛知県名古屋市北区丸新町3‐1,1200,20261003,1150,50
吉野家,愛知県,吉野家 豊川インター店,愛知県豊川市東豊町5丁目2,1230,20261003,1200,30
吉野家,愛知県,吉野家 豊川御油店,愛知県豊川市御油町八面横40,1200,20261003,1150,50
吉野家,愛知県,吉野家 豊田インター通り店,愛知県豊田市深田町1丁目74‐1,1300,20261003,1200,100
吉野家,東京都,吉野家 北綾瀬店,東京都足立区谷中2‐7‐5,1300,20261003,1250,50
吉野家,埼玉県,吉野家 北浦和西口店,埼玉県さいたま市浦和区北浦和4丁目2‐3,1280,20261003,1250,30
吉野家,埼玉県,吉野家 北越谷駅前店,埼玉県越谷市北越谷4‐2‐9,1250,20261003,1200,50
吉野家,東京都,吉野家 北千住本町商店街店,東京都足立区千住2丁目31,1330,20261003,1300,30
吉野家,愛知県,吉野家 北名古屋店,愛知県北名古屋市井瀬木郷前9‐1,1200,20261003,1150,50
吉野家,神奈川,吉野家 本厚木店,神奈川県厚木市中町2丁目1‐22,1300,20261003,1230,70
吉野家,静岡県,吉野家 本市場店,静岡県富士市本市場424‐2,1250,20261003,1150,100
吉野家,大阪府,吉野家 枚方渚内野店,大阪府枚方市渚内野1丁目2‐5,1250,20261003,1180,70
吉野家,大阪府,吉野家 枚方東香里店,大阪府枚方市東香里南町52‐30,1250,20261003,1200,50
吉野家,神奈川,吉野家 妙蓮寺店,神奈川県横浜市港北区菊名1‐7‐1,1280,20261003,1250,30
吉野家,愛知県,吉野家 名駅西店,愛知県名古屋市中村区椿町1‐3,1200,20261003,1150,50
吉野家,愛知県,吉野家 名駅太閤通口店,愛知県名古屋市中村区椿町7‐4,1300,20261003,1250,50
吉野家,愛知県,吉野家 名岐一宮店,愛知県一宮市富士3丁目3‐6,1200,20261003,1150,50
吉野家,沖縄県,吉野家 名護バイパス店,沖縄県名護市大北5丁目22‐23,1120,20261003,1050,70
吉野家,愛知県,吉野家 名四飛島店,愛知県海部郡飛島村竹之郷2丁目2‐18,1200,20261003,1150,50
吉野家,愛知県,吉野家 名四宝神町店,愛知県名古屋市港区神宮寺1丁目511,1200,20261003,1150,50
吉野家,愛知県,吉野家 名四要町店,愛知県名古屋市南区丹後通4丁目6‐1,1250,20261003,1200,50
吉野家,三重県,吉野家 名張店,三重県名張市夏見坊垣3222‐2,1150,20261003,1100,50
吉野家,愛知県,吉野家 名鉄堀田駅前店,愛知県名古屋市瑞穂区塩入町4‐15,1200,20261003,1150,50
吉野家,東京都,吉野家 明大前店,東京都世田谷区松原1丁目38‐4,1350,20261003,1300,50
吉野家,千葉県,吉野家 木更津駅前店,千葉県木更津市富士見1丁目1‐1,1200,20261003,1150,50
吉野家,千葉県,吉野家 木更津太田店,千葉県木更津市太田1‐3‐47,1250,20261003,1150,100
吉野家,石川県,吉野家 野々市店,石川県野々市市粟田6丁目386,1150,20261003,1100,50
吉野家,愛知県,吉野家 弥富店,愛知県弥富市鯏浦町中六130‐1,1200,20261003,1150,50
吉野家,神奈川,吉野家 矢向駅前店,神奈川県横浜市鶴見区矢向6丁目6‐27,1279,20261003,1225,54
吉野家,宮城県,吉野家 柳生店,宮城県名取市田高神明186‐1,1120,20261003,1050,70
吉野家,福岡県,吉野家 柳川三橋店,福岡県柳川市三橋町蒲船津362,1120,20261003,1070,50
吉野家,秋田県,吉野家 由利本荘店,秋田県由利本荘市一番堰155‐1,1110,20261003,1100,10
吉野家,徳島県,吉野家 藍住町店,徳島県板野郡藍住町東中富朏傍示28‐1,1150,20261003,1100,50
吉野家,宮城県,吉野家 利府店,宮城県宮城郡利府町神谷沢館の内73‐1,1120,20261003,1050,70
吉野家,東京都,吉野家 立花店,東京都墨田区立花5丁目2‐1,1330,20261003,1300,30
吉野家,神奈川,吉野家 立場店,神奈川県横浜市泉区中田北1丁目26‐6,1300,20261003,1230,70
吉野家,千葉県,吉野家 流山店,千葉県流山市加4‐1643,1250,20261003,1200,50
吉野家,東京都,吉野家 両国駅前店,東京都墨田区両国3‐25‐6,1330,20261003,1300,30
吉野家,大阪府,吉野家 緑一丁目店,大阪府大阪市鶴見区緑1丁目19‐2,1250,20261003,1200,50
吉野家,三重県,吉野家 鈴鹿西条店,三重県鈴鹿市西条9丁目4,1150,20261003,1100,50
吉野家,岡山県,吉野家 連島店,岡山県倉敷市連島3丁目8‐35,1180,20261003,1050,130
吉野家,埼玉県,吉野家 和光笹目通り店,埼玉県和光市丸山台3丁目10‐6,1230,20261003,1200,30
吉野家,埼玉県,吉野家 蕨駅西口店,埼玉県蕨市中央1丁目25‐1,1280,20261003,1250,30
吉野家,埼玉県,吉野家 蕨駅東口店,埼玉県蕨市塚越1丁目4‐1,1280,20261003,1250,30
吉野家,愛知県,吉野家 杁中店,愛知県名古屋市昭和区隼人町6‐19,1200,20261003,1150,50
吉野家,埼玉県,吉野家 獨協大学前西口店,埼玉県草加市松原1丁目1,1280,20261003,1250,30
松屋,大阪府,すし松 江坂店,大阪府吹田市豊津町15-30 東明マンション江坂2,1250,20261003,1200,50
松屋,千葉県,すし松 松戸五香店,千葉県松戸市常盤平5-26-6,1250,20261003,1200,50
松屋,東京都,すし松 聖蹟桜ヶ丘店,東京都多摩市関戸2-40-2興進ビル,1300,20261003,1250,50
松屋,神奈川,すし松 本厚木店,神奈川県厚木市中町2-1-18,1280,20261003,1250,30
松屋,大阪府,すし松 枚方市駅前店,大阪府枚方市新町1-1-8Hirakata Woven2F,1250,20261003,1200,50
松屋,東京都,トゥックントゥックン 羽村店,東京都羽村市五ノ神1-2-12,1280,20261003,1240,40
松屋,東京都,マイカリー食堂 板橋本町店,東京都板橋区大和町18-10,1280,20261003,1250,30
松屋,兵庫県,松のや JR尼崎店,兵庫県尼崎市長洲本通1-4-2 レジュールアッシュ尼崎駅前,1172,20261003,1150,22
松屋,大阪府,松のや だいどう豊里店/マイカリー食堂 だいどう豊里店,大阪府大阪市東淀川区豊里7-10-18 ナインライブテナントビル,1231,20261003,1180,51
松屋,東京都,松のや ひばりが丘店/マイカリー食堂 ひばりが丘店,東京都西東京市ひばりが丘北4-1-32,1280,20261003,1250,30
松屋,東京都,松のや 綾瀬店,東京都足立区綾瀬4-7-1,1280,20261003,1250,30
松屋,神奈川,松のや 伊勢佐木町店/マイカリー食堂 伊勢佐木町店,神奈川県横浜市中区伊勢佐木町2-76-3,1280,20261003,1230,50
松屋,兵庫県,松のや 伊川谷店,兵庫県神戸市西区伊川谷町潤和1142-3,1172,20261003,1150,22
松屋,神奈川,松のや 下永谷店,神奈川県横浜市港南区下永谷5-3-10,1280,20261003,1230,50
松屋,東京都,松のや 下赤塚店,東京都板橋区赤塚新町1-24-1,1280,20261003,1250,30
松屋,大阪府,松のや 花園町店,大阪府大阪市西成区鶴見橋1-3-24,1240,20261003,1200,40
松屋,大阪府,松のや 貝塚店,大阪府貝塚市小瀬1-28-13,1231,20261003,1180,51
松屋,神奈川,松のや 茅ヶ崎店/マイカリー食堂 茅ヶ崎店,神奈川県茅ヶ崎市新栄町1-6 湘南ISビル,1280,20261003,1230,50
松屋,大阪府,松のや 萱島店/マイカリー食堂 萱島店,大阪府寝屋川市萱島本町19-11,1231,20261003,1200,31
松屋,大阪府,松のや 関大前店/マイカリー食堂 関大前店,大阪府吹田市千里山東1-7-13カンゾービル1F,1231,20261003,1180,51
松屋,岐阜県,松のや 岐阜茜部店,岐阜県岐阜市茜部菱野1丁目1番,1130,20261003,1100,30
松屋,神奈川,松のや 菊名店,神奈川県横浜市港北区菊名4-2-3,1280,20261003,1250,30
松屋,兵庫県,松のや 魚住店,兵庫県明石市魚住町清水28番3,1172,20261003,1150,22
松屋,東京都,松のや 京王八王子店/マイカリー食堂 京王八王子店,東京都八王子市明神町4-6-3,1280,20261003,1250,30
松屋,神奈川,松のや 橋本店/マイカリー食堂 橋本店,神奈川県相模原市緑区橋本6丁目2‐1,1280,20261003,1230,50
松屋,大阪府,松のや 金岡店,大阪府堺市北区金岡町192-1 Pモール,1231,20261003,1180,51
松屋,京都府,松のや 桂川店,京都府京都市南区久世上久世町524-1,1180,20261003,1170,10
松屋,神奈川,松のや 戸塚店,神奈川県横浜市戸塚区戸塚町104,1280,20261003,1230,50
松屋,大阪府,松のや 香里園店/マイカリー食堂 香里園店,大阪府寝屋川市香里南之町30-14,1231,20261003,1200,31
松屋,大阪府,松のや 高槻千代田町店,大阪府高槻市千代田町4-5,1231,20261003,1200,31
松屋,兵庫県,松のや 今津店/マイカリー食堂 今津店,兵庫県西宮市津門呉羽町1-34,1172,20261003,1150,22
松屋,大阪府,松のや 今福鶴見店,大阪府大阪市鶴見区鶴見4-1-31,1240,20261003,1200,40
松屋,兵庫県,松のや 阪神西宮店/マイカリー食堂 阪神西宮店,兵庫県西宮市田中町2-24,1172,20261003,1150,22
松屋,神奈川,松のや 阪東橋店/マイカリー食堂 阪東橋店,神奈川県横浜市南区高根町3-17-28 マークス横濱阪東橋,1280,20261003,1230,50
松屋,大阪府,松のや 堺東店/マイカリー食堂 堺東店,大阪府堺市堺区中瓦町2-3-12 きくやビル1階,1231,20261003,1200,31
松屋,神奈川,松のや 鷺沼店/マイカリー食堂 鷺沼店,神奈川県川崎市宮前区鷺沼3-1-23 鷺沼片桐ビル1階,1280,20261003,1230,50
松屋,兵庫県,松のや 三田ウッディタウン店,兵庫県三田市けやき台1-5 けやきプラザ内,1172,20261003,1150,22
松屋,大阪府,松のや 四天王寺前夕陽ケ丘店,大阪府大阪市天王寺区四天王寺1-7-11,1240,20261003,1200,40
松屋,兵庫県,松のや 志染店,兵庫県三木市志染町広野1丁目74,1172,20261003,1140,32
松屋,東京都,松のや 志村坂上店/マイカリー食堂 志村坂上店,東京都板橋区志村1-14-12,1280,20261003,1250,30
松屋,東京都,松のや 勝どき店,東京都中央区勝どき4-11-10,1280,20261003,1230,50
松屋,大阪府,松のや 小阪店,大阪府東大阪市御厨栄町2-17-9,1240,20261003,1200,40
松屋,大阪府,松のや 少路店,大阪府豊中市少路1-2-1,1240,20261003,1180,60
松屋,大阪府,松のや 松原店,大阪府松原市上田8-14-13,1231,20261003,1180,51
松屋,千葉県,松のや 松戸店,千葉県松戸市本町4-4 GK松戸ビル,1195,20261003,1150,45
松屋,東京都,松のや 沼袋店/マイカリー食堂 沼袋店,東京都中野区沼袋3-27-6 リバティハイツ高橋,1280,20261003,1250,30
松屋,神奈川,松のや 湘南台店/マイカリー食堂 湘南台店,神奈川県藤沢市湘南台1-13-1,1280,20261003,1250,30
松屋,神奈川,松のや 上大岡西店/マイカリー食堂 上大岡西店,神奈川県横浜市港南区上大岡西2-1-19,1280,20261003,1230,50
松屋,東京都,松のや 上板橋店,東京都板橋区常盤台4-32-6,1280,20261003,1250,30
松屋,奈良県,松のや 上牧店,奈良県北葛城郡上牧町大字上牧3344番1,1107,20261003,1051,56
松屋,東京都,松のや 新秋津店,東京都東村山市秋津町5-13-7,1280,20261003,1250,30
松屋,大阪府,松のや 新大阪東口店/マイカリー食堂 新大阪東口店,大阪府大阪市東淀川区東中島1-20-3,1280,20261003,1250,30
松屋,兵庫県,松のや 新長田店,兵庫県神戸市長田区大橋町4-4-9,1172,20261003,1150,22
松屋,大阪府,松のや 深江橋店,大阪府大阪市城東区諏訪4-3-1 ロイヤル・プラザ1F,1240,20261003,1200,40
松屋,神奈川,松のや 杉田店/マイカリー食堂 杉田店,神奈川県横浜市磯子区杉田1-12-28 魚七フードビル,1280,20261003,1230,50
松屋,兵庫県,松のや 西宮西田町店,兵庫県西宮市西田町1-29,1172,20261003,1150,22
松屋,兵庫県,松のや 西神南店,兵庫県神戸市西区井吹台西町1-1-2,1172,20261003,1140,32
松屋,東京都,松のや 西巣鴨店,東京都豊島区西巣鴨3-25-11 メトロエステート201号,1280,20261003,1250,30
松屋,東京都,松のや 西東京新町店/マイカリー食堂 西東京新町店 ,東京都西東京市新町4-6-7,1280,20261003,1250,30
松屋,兵庫県,松のや 西鈴蘭台店,兵庫県神戸市北区鳴子2-1-5,1172,20261003,1150,22
松屋,東京都,松のや 青物横丁店/マイカリー食堂 青物横丁店,東京都品川区南品川2-17-18 SGビル1階,1280,20261003,1250,30
松屋,静岡県,松のや 静岡北脇新田店/マイカリー食堂 静岡北脇新田店,静岡県静岡市清水区北脇新田610-7,1160,20261003,1100,60
松屋,大阪府,松のや 石橋店,大阪府池田市石橋1-3-10 MKビル1F,1231,20261003,1180,51
松屋,東京都,松のや 石神井公園店,東京都練馬区石神井町2-8-16,1280,20261003,1250,30
松屋,東京都,松のや 赤羽店,東京都北区赤羽1-17-1,1280,20261003,1250,30
松屋,大阪府,松のや 摂津富田店/マイカリー食堂 摂津富田店,大阪府高槻市富田町1-8-21,1231,20261003,1200,31
松屋,東京都,松のや 仙川店/マイカリー食堂 仙川店,東京都調布市仙川1-16-4,1280,20261003,1250,30
松屋,東京都,松のや 千歳船橋店,東京都世田谷区船橋1-1-2,1280,20261003,1250,30
松屋,大阪府,松のや 千船店,大阪府大阪市西淀川区佃3丁目1番11号アバリーナ千船1階,1231,20261003,1200,31
松屋,大阪府,松のや 千鳥橋店/マイカリー食堂 千鳥橋店,大阪府大阪市此花区四貫島1-1-2 千鳥橋駅南館,1231,20261003,1200,31
松屋,千葉県,松のや 千葉都町店/マイカリー食堂 千葉都町店,千葉県千葉市中央区都町4-6-1,1195,20261003,1180,15
松屋,神奈川,松のや 川崎銀座街店,神奈川県川崎市川崎区砂子1-1-3,1280,20261003,1250,30
松屋,兵庫県,松のや 川西能勢口店/マイカリー食堂 川西能勢口店,兵庫県川西市栄町21-25 ストーク田口1F,1172,20261003,1150,22
松屋,神奈川,松のや 相武台前店,神奈川県座間市相武台1-35-5,1280,20261003,1230,50
松屋,神奈川,松のや 相模原店/マイカリー食堂 相模原店,神奈川県相模原市中央区相模原2-2-19 エイコーマンション1F,1280,20261003,1230,50
松屋,神奈川,松のや 相模原陽光台店,神奈川県相模原市中央区陽光台5-5-2,1280,20261003,1230,50
松屋,神奈川,松のや 相模大野店,神奈川県相模原市南区相模大野3-2-1 BONO相模大野ノースモール202,1280,20261003,1230,50
松屋,奈良県,松のや 大和高田店,奈良県大和高田市曽大根122-7,1107,20261003,1051,56
松屋,神奈川,松のや 大和店/マイカリー食堂 大和店,神奈川県大和市中央4-1-2近藤ビル,1280,20261003,1250,30
松屋,大阪府,松のや 谷町二丁目店,大阪府大阪市中央区谷町2-3-4 サンシャイン大手前ビル1F西,1240,20261003,1200,40
松屋,大阪府,松のや 池田店,大阪府池田市城南1-9-16,1231,20261003,1180,51
松屋,東京都,松のや 中野新橋店,東京都中野区弥生町2-28-9 ホワイトペースビル,1280,20261003,1250,30
松屋,東京都,松のや 町田店,東京都町田市原町田4-4-14,1280,20261003,1230,50
松屋,東京都,松のや 調布南店,東京都調布市布田4-18-1ハラビル 1F4区画,1280,20261003,1250,30
松屋,神奈川,松のや 鶴見東口店,神奈川県横浜市鶴見区鶴見中央1-3-3,1280,20261003,1250,30
松屋,神奈川,松のや 天王町店,神奈川県横浜市保土ケ谷区天王町2-47-6,1280,20261003,1230,50
松屋,東京都,松のや 田無店,東京都西東京市田無町4-2-12,1280,20261003,1250,30
松屋,大阪府,松のや 藤阪店,大阪府枚方市津田北町1-3189-2,1231,20261003,1200,31
松屋,大阪府,松のや 堂島店,大阪府大阪市北区堂島2-1-34,1240,20261003,1200,40
松屋,奈良県,松のや 奈良駅前店,奈良県奈良市大宮町1-1-10 梢ビル,1107,20261003,1100,7
松屋,東京都,松のや 板橋区役所前店,東京都板橋区板橋2-61-10 藤畑第一ビル,1280,20261003,1250,30
松屋,東京都,松のや 板橋店/マイカリー食堂 千鳥橋店,東京都北区滝野川7-9-10 マインエントピア,1280,20261003,1250,30
松屋,兵庫県,松のや 板宿店,兵庫県神戸市須磨区平田町2-2-2 板宿稲岡ビル,1172,20261003,1150,22
松屋,大阪府,松のや 姫島店,大阪府大阪市西淀川区姫里1-26-18,1231,20261003,1200,31
松屋,兵庫県,松のや 姫路野里店,兵庫県姫路市城東町180,1172,20261003,1150,22
松屋,大阪府,松のや 瓢箪山店,大阪府東大阪市若草町5-2,1231,20261003,1200,31
松屋,静岡県,松のや 富士インター店,静岡県富士市伝法3104-1,1160,20261003,1100,60
松屋,東京都,松のや 浮間舟渡店/マイカリー食堂 浮間舟渡店,東京都板橋区舟渡1-12-12,1280,20261003,1250,30
松屋,兵庫県,松のや 武庫之荘店,兵庫県尼崎市南武庫之荘1-14-1,1172,20261003,1150,22
松屋,東京都,松のや 武蔵境店,東京都武蔵野市境2-2-18 MHビル,1280,20261003,1230,50
松屋,東京都,松のや 武蔵小金井店,東京都小金井市本町5-18-5 太平ビル1F,1280,20261003,1250,30
松屋,神奈川,松のや 武蔵新城店,神奈川県川崎市中原区新城5-1-3 フクシマビル,1280,20261003,1230,50
松屋,東京都,松のや 武蔵新田店,東京都大田区矢口1-16-24,1280,20261003,1250,30
松屋,東京都,松のや 平井店/マイカリー食堂 平井店,東京都江戸川区平井5-15-8 平井駅前ビルE棟,1280,20261003,1250,30
松屋,神奈川,松のや 平塚店/マイカリー食堂 平塚店,神奈川県平塚市紅谷町5-14,1280,20261003,1230,50
松屋,東京都,松のや 方南町店,東京都杉並区方南2-18-10,1280,20261003,1250,30
松屋,東京都,松のや 豊洲IHIビル店,東京都江東区豊洲3-1-1,1280,20261003,1230,50
松屋,東京都,松のや 豊田店/マイカリー食堂 豊田店,東京都日野市多摩平1-2-18,1280,20261003,1250,30
松屋,神奈川,松のや 本厚木店/マイカリー食堂 本厚木店,神奈川県厚木市中町2-5-3 厚木ヤングヒルビル,1280,20261003,1250,30
松屋,兵庫県,松のや 名谷店/マイカリー食堂 名谷店,兵庫県神戸市垂水区名谷町字猿倉83-1,1172,20261003,1150,22
松屋,兵庫県,松のや 明石店,兵庫県明石市大明石町1-6-1 パピオスあかし,1172,20261003,1150,22
松屋,千葉県,松のや 茂原店,千葉県茂原市高師台3-1-4,1195,20261003,1180,15
松屋,東京都,松のや 野方店/マイカリー食堂 野方店,東京都中野区野方5-25-4,1280,20261003,1250,30
松屋,神奈川,松のや 野毛店/マイカリー食堂 野毛店,神奈川県横浜市中区野毛町3-160-4,1280,20261003,1230,50
松屋,和歌山,松のや 和歌山太田店/マイカリー食堂 和歌山太田店,和歌山県和歌山市太田4-5-1,1101,20261003,1100,1
松屋,大阪府,松屋 JR高槻南口店,大阪府高槻市高槻町9-22 吉廣第二ビル 1.2F,1231,20261003,1190,41
松屋,東京都,松屋 お花茶屋店,東京都葛飾区お花茶屋1-19-16,1280,20261003,1250,30
松屋,神奈川,松屋 さがみ野店,神奈川県海老名市東柏ヶ谷2-30-24,1650,20261003,1600,50
松屋,大阪府,松屋 そよら古川橋駅前店/松のや そよら古川橋駅前店,大阪府門真市末広町41-2 イオンそよら古川橋1F,1250,20261003,1190,60
松屋,兵庫県,松屋 たつの店,兵庫県たつの市龍野町堂本369-3,1172,20261003,1150,22
松屋,東京都,松屋 ときわ台店,東京都板橋区常盤台1-2-5,1280,20261003,1250,30
松屋,東京都,松屋 ひばりが丘店,東京都西東京市ひばりが丘北3-3-14,1280,20261003,1250,30
松屋,東京都,松屋 シティタワー品川店,東京都港区港南4-2-20 シティタワー品川1階F区画,1360,20261003,1300,60
松屋,東京都,松屋 阿佐ヶ谷店,東京都杉並区阿佐ヶ谷北2-1-10,1360,20261003,1300,60
松屋,神奈川,松屋 綾瀬寺尾西店/松のや 綾瀬寺尾西店,神奈川県綾瀬市寺尾西2丁目6-9,1320,20261003,1280,40
松屋,東京都,松屋 綾瀬店/マイカリー食堂 綾瀬店,東京都足立区綾瀬3-2-8,1280,20261003,1250,30
松屋,福岡県,松屋 鞍手PA（下り線）店,福岡県鞍手郡鞍手町中山1308,1114,20261003,1100,14
松屋,神奈川,松屋 伊勢原店,神奈川県伊勢原市桜台1-2-30 三協ビル,1290,20261003,1250,40
松屋,神奈川,松屋 井土ヶ谷店,神奈川県横浜市南区井土ヶ谷中町161,1300,20261003,1250,50
松屋,神奈川,松屋 磯子店,神奈川県横浜市磯子区森1-7-3 磯子センターハイツ104,1300,20261003,1250,50
松屋,愛知県,松屋 一宮尾西店/松のや 一宮尾西店,愛知県一宮市小信中島字郷北3327,1195,20261003,1150,45
松屋,東京都,松屋 稲城矢野口店/松のや 稲城矢野口店,東京都稲城市矢野口517-2,1280,20261003,1250,30
松屋,神奈川,松屋 稲田堤店/マイカリー食堂 稲田堤店,神奈川県川崎市多摩区菅2-1-1,1279,20261003,1250,29
松屋,東京都,松屋 羽村店,東京都羽村市五ノ神4-15-11 シティープラザはむら1F,1280,20261003,1250,30
松屋,東京都,松屋 鵜の木店/松のや 鵜の木店,東京都大田区鵜の木2-2-5（住居表示）,1350,20261003,1300,50
松屋,東京都,松屋 王子1丁目店,東京都北区王子1-6-11 都築ビル102号,1360,20261003,1300,60
松屋,東京都,松屋 王子神谷店/松のや 王子神谷店/マイカリー食堂 王子神谷店,東京都北区王子5-10-3 王子ハイツ1F,1360,20261003,1300,60
松屋,東京都,松屋 王子店,東京都北区王子1-13-16 エイムビル1F,1360,20261003,1300,60
松屋,東京都,松屋 鴬谷店,東京都台東区根岸1-6-6,1330,20261003,1300,30
松屋,大阪府,松屋 岡町店,大阪府豊中市中桜塚1-1-1ティオ阪急岡町1階,1231,20261003,1200,31
松屋,東京都,松屋 荻窪西口店,東京都杉並区上荻1-16-3,1360,20261003,1300,60
松屋,東京都,松屋 下石神井店/マイカリー食堂 下石神井店,東京都練馬区下石神井4-1-7,1280,20261003,1250,30
松屋,東京都,松屋 下赤塚店/マイカリー食堂 下赤塚店,東京都板橋区赤塚2-1-14 入山プラザ1階,1280,20261003,1250,30
松屋,東京都,松屋 下板橋店,東京都豊島区池袋本町3-25-13,1280,20261003,1250,30
松屋,東京都,松屋 下北沢店,東京都世田谷区北沢2-19-13 松本ビル1F,1280,20261003,1250,30
松屋,兵庫県,松屋 加古川野口町店,兵庫県加古川市野口町坂元45-1,1172,20261003,1150,22
松屋,大阪府,松屋 河内山本店,大阪府八尾市山本町1-7-1 西田ビル1・4F,1231,20261003,1200,31
松屋,東京都,松屋 花小金井駅前店,東京都小平市花小金井1-8-6大沢ビル(ビックアロービル),1280,20261003,1250,30
松屋,秋田県,松屋 花輪SA（下り線）店,秋田県鹿角市花輪字火付け附森65-3,1090,20261003,1050,40
松屋,秋田県,松屋 花輪SA（上り線）店,秋田県鹿角市花輪張渡11-24,1090,20261003,1050,40
松屋,和歌山,松屋 海南店,和歌山県海南市船尾213-17,1101,20261003,1100,1
松屋,神奈川,松屋 海老名河原口店/松のや 海老名河原口店,神奈川県海老名市河原口4-7-3,1320,20261003,1280,40
松屋,神奈川,松屋 海老名店,神奈川県海老名市中央2-1-5,1300,20261003,1250,50
松屋,大阪府,松屋 外環八尾店/マイカリー食堂 外環八尾店,大阪府八尾市志紀町南3-190-1,1231,20261003,1200,31
松屋,東京都,松屋 学芸大学店,東京都目黒区鷹番3-8-7,1360,20261003,1300,60
松屋,静岡県,松屋 掛川SC(下り線)店,静岡県掛川市倉真5968-4,1154,20261003,1097,57
松屋,東京都,松屋 蒲田西口店/マイカリー食堂 蒲田西口店,東京都大田区西蒲田7-1-11,1350,20261003,1300,50
松屋,東京都,松屋 蒲田東口店,東京都大田区蒲田5-25-2 コーポ橋本1F,1350,20261003,1300,50
松屋,神奈川,松屋 鴨居店,神奈川県横浜市緑区鴨居1-8-10,1300,20261003,1250,50
松屋,神奈川,松屋 茅ケ崎赤松町店/松のや 茅ケ崎赤松町店,神奈川県茅ヶ崎市赤松町1-5,1320,20261003,1250,70
松屋,神奈川,松屋 茅ヶ崎店,神奈川県茅ヶ崎市新栄町8-8 コジマビル1F,1300,20261003,1250,50
松屋,大阪府,松屋 萱島店,大阪府門真市上島町46-7,1250,20261003,1190,60
松屋,福岡県,松屋 苅田店/松のや 苅田店,福岡県京都郡苅田町幸町4-4,1114,20261003,1100,14
松屋,神奈川,松屋 寒川倉見店/松のや 寒川倉見店,神奈川県高座郡寒川町倉見849-3,1300,20261003,1250,50
松屋,福岡県,松屋 干隈店/松のや 干隈店/松のや 干隈店/松のや 干隈店,福岡県福岡市早良区干隈3-29-6,1114,20261003,1057,57
松屋,大阪府,松屋 関大前店,大阪府吹田市千里山東1-14-5 吉本マンション1F,1231,20261003,1200,31
松屋,大阪府,松屋 岸和田西之内店/松のや 岸和田西之内店,大阪府岸和田市西之内町4-24,1231,20261003,1200,31
松屋,大阪府,松屋 岸和田店,大阪府岸和田市土生町2-7-17,1231,20261003,1200,31
松屋,和歌山,松屋 岩出店/マイカリー食堂 岩出店,和歌山県岩出市岡田4-1,1101,20261003,1100,1
松屋,東京都,松屋 喜多見店,東京都世田谷区喜多見9-1-7 栄屋ビル,1280,20261003,1250,30
松屋,東京都,松屋 旗の台店,東京都品川区旗の台2-7-6,1360,20261003,1300,60
松屋,和歌山,松屋 紀ノ川大橋店,和歌山県和歌山市湊1820-99,1101,20261003,1100,1
松屋,東京都,松屋 紀尾井町店,東京都千代田区麹町3-5-17,1400,20261003,1350,50
松屋,東京都,松屋 亀有店,東京都葛飾区亀有3-25-1,1280,20261003,1250,30
松屋,東京都,松屋 亀有南口店,東京都葛飾区亀有3-30-12,1280,20261003,1250,30
松屋,東京都,松屋 吉祥寺サンロード店,東京都武蔵野市吉祥寺本町1-15-4,1400,20261003,1350,50
松屋,東京都,松屋 吉祥寺南口店,東京都武蔵野市吉祥寺南町1-5-5,1400,20261003,1350,50
松屋,福岡県,松屋 吉塚店,福岡県福岡市博多区吉塚本町13-30,1114,20261003,1100,14
松屋,東京都,松屋 久米川店/松のや 久米川店,東京都東村山市栄町1-5-2,1280,20261003,1250,30
松屋,福岡県,松屋 久留米国分バイパス店/松のや 久留米国分バイパス店,福岡県久留米市国分町936-6,1114,20261003,1100,14
松屋,福岡県,松屋 久留米新合川店/松のや 久留米新合川店,福岡県久留米市新合川1-5-40,1114,20261003,1100,14
松屋,福岡県,松屋 久留米通町店,福岡県久留米市通町1-16,1114,20261003,1100,14
松屋,東京都,松屋 牛田店,東京都足立区千住曙町3-1,1280,20261003,1250,30
松屋,東京都,松屋 京王八王子店,東京都八王子市東町1-1-20第6岩下ビル1F,1280,20261003,1250,30
松屋,神奈川,松屋 京急久里浜店,神奈川県横須賀市久里浜4-5-2 久里浜ロマンビル,1300,20261003,1250,50
松屋,東京都,松屋 京成高砂店,東京都葛飾区高砂2-38-5,1280,20261003,1250,30
松屋,東京都,松屋 京成小岩店/マイカリー食堂 京成小岩店,東京都江戸川区北小岩6-12-1,1280,20261003,1250,30
松屋,東京都,松屋 京成立石店,東京都葛飾区立石1-19-6,1280,20261003,1250,30
松屋,神奈川,松屋 橋本店,神奈川県相模原市緑区橋本6-2-1,1279,20261003,1250,29
松屋,東京都,松屋 玉川学園前店,東京都町田市玉川学園2-11-21第17通南ビル,1280,20261003,1250,30
松屋,大阪府,松屋 近大前店,大阪府東大阪市小若江4-13-11 1F・2F,1231,20261003,1200,31
松屋,大阪府,松屋 近鉄八尾駅前店/松のや 近鉄八尾駅前店,大阪府八尾市北本町2-15-32梅村ビル1階,1231,20261003,1200,31
松屋,東京都,松屋 金町店,東京都葛飾区東金町1-45-2,1280,20261003,1250,30
松屋,東京都,松屋 九品仏店/松のや 九品仏店,東京都世田谷区奥沢6-25-8,1360,20261003,1300,60
松屋,東京都,松屋 駒込店,東京都豊島区駒込1-38-3 小宮山駒込ビル1.2F,1310,20261003,1250,60
松屋,東京都,松屋 駒沢店,東京都世田谷区駒沢1-5-15,1360,20261003,1300,60
松屋,東京都,松屋 経堂店,東京都世田谷区経堂1-12-11,1280,20261003,1226,54
松屋,福岡県,松屋 穴生店/松のや 穴生店,福岡県北九州市八幡西区穴生2-8-7,1114,20261003,1100,14
松屋,神奈川,松屋 古淵店,神奈川県相模原市南区古淵1-7-1,1279,20261003,1250,29
松屋,東京都,松屋 戸越銀座店,東京都品川区平塚1-8-2 山こしビル1F,1360,20261003,1300,60
松屋,東京都,松屋 五反野店/マイカリー食堂 五反野店,東京都足立区足立4-29-8,1280,20261003,1250,30
松屋,神奈川,松屋 厚木戸田店,神奈川県厚木市戸田540-1,1290,20261003,1250,40
松屋,神奈川,松屋 厚木店,神奈川県厚木市田村町7-20,1290,20261003,1250,40
松屋,神奈川,松屋 向ヶ丘遊園店,神奈川県川崎市多摩区登戸2737-4 タカノビル1F・2F,1279,20261003,1225,54
松屋,東京都,松屋 江古田店,東京都練馬区栄町34-1,1280,20261003,1250,30
松屋,東京都,松屋 江戸川橋店,東京都文京区関口1-47-12 江戸川橋ビル1F,1310,20261003,1250,60
松屋,東京都,松屋 江戸川店,東京都江戸川区江戸川6-8-49,1280,20261003,1250,30
松屋,大阪府,松屋 江坂駅前店,大阪府吹田市豊津町14-31由谷エムワイビル,1231,20261003,1200,31
松屋,神奈川,松屋 港南台店,神奈川県横浜市港南区港南台4-1-1,1300,20261003,1250,50
松屋,福岡県,松屋 行橋中央店/松のや 行橋中央店,福岡県行橋市中央1-13-26,1114,20261003,1100,14
松屋,東京都,松屋 高円寺店,東京都杉並区高円寺北3-22-16,1360,20261003,1300,60
松屋,大阪府,松屋 高石店/松のや 高石店,大阪府高石市西取石8丁目1番14号,1231,20261003,1200,31
松屋,東京都,松屋 高田馬場2丁目店,東京都新宿区高田馬場2-1-2,1360,20261003,1300,60
松屋,東京都,松屋 高田馬場4丁目店,東京都新宿区高田馬場4-11-8 木村屋ビル1F,1360,20261003,1300,60
松屋,東京都,松屋 高田馬場店,東京都新宿区高田馬場3-1-2,1360,20261003,1300,60
松屋,東京都,松屋 高島平駅前店,東京都板橋区高島平8-3-3,1310,20261003,1250,60
松屋,東京都,松屋 高島平店,東京都板橋区高島平2-1-4,1310,20261003,1250,60
松屋,東京都,松屋 国分寺西元町店,東京都国分寺市西元町2-9-25,1310,20261003,1250,60
松屋,東京都,松屋 国分寺南口店/マイカリー食堂 国分寺南口店,東京都国分寺市南町3-16-6,1310,20261003,1250,60
松屋,東京都,松屋 国分寺北口店,東京都国分寺市本町2-2-1,1310,20261003,1250,60
松屋,東京都,松屋 国立店/マイカリー食堂 国立店,東京都国立市中1-8-5,1280,20261003,1250,30
松屋,東京都,松屋 狛江店/松のや 狛江店,東京都狛江市東和泉1-20-1,1280,20261003,1250,30
松屋,神奈川,松屋 座間立野台店,神奈川県座間市立野台2-20-3,1300,20261003,1250,50
松屋,大阪府,松屋 阪急高槻市駅前店,大阪府高槻市城北町2-2-7,1231,20261003,1190,41
松屋,大阪府,松屋 阪急南方駅前店/マイカリー食堂 阪急南方駅前店,大阪府大阪市淀川区西中島3-17-2,1231,20261003,1200,31
松屋,大阪府,松屋 堺東銀座街店,大阪府堺市堺区中瓦町2-2-9,1231,20261003,1200,31
松屋,東京都,松屋 鷺宮店,東京都中野区鷺ノ宮3-18-3 エレガンス鷺ノ宮1F,1280,20261003,1250,30
松屋,東京都,松屋 桜新町店,東京都世田谷区桜新町1-12-9,1360,20261003,1300,60
松屋,東京都,松屋 桜台店,東京都練馬区桜台1-4-67,1280,20261003,1250,30
松屋,東京都,松屋 桜美林学園店/松のや 桜美林学園店,東京都町田市根岸町1010-6,1280,20261003,1250,30
松屋,東京都,松屋 雑色店/松のや 雑色店,東京都大田区仲六郷2-28-2,1350,20261003,1300,50
松屋,東京都,松屋 三軒茶屋店,東京都世田谷区三軒茶屋1-32-15,1360,20261003,1300,60
松屋,大阪府,松屋 三国店,大阪府大阪市淀川区三国本町3-30-13,1231,20261003,1200,31
松屋,東京都,松屋 三宿店,東京都世田谷区池尻3-30-10,1360,20261003,1300,60
松屋,東京都,松屋 三鷹店,東京都武蔵野市中町1-14-5,1390,20261003,1330,60
松屋,東京都,松屋 三鷹南口店,東京都三鷹市下連雀3-34-22 ,1390,20261003,1330,60
松屋,静岡県,松屋 三島店,静岡県三島市玉川243-1,1250,20261003,1170,80
松屋,兵庫県,松屋 三木店,兵庫県三木市別所町小林734-76,1172,20261003,1150,22
松屋,東京都,松屋 参宮橋店,東京都渋谷区代々木4-6-2 宍戸ビル1F,1280,20261003,1226,54
松屋,東京都,松屋 四谷2丁目店,東京都新宿区四谷2-9 NK第7ビル,1380,20261003,1350,30
松屋,東京都,松屋 四谷三丁目店,東京都新宿区左門町2-5,1380,20261003,1350,30
松屋,東京都,松屋 市ヶ谷店,東京都千代田区九段北4-2-15,1380,20261003,1350,30
松屋,東京都,松屋 志村坂上店,東京都板橋区小豆沢3-6-3 糠賀第二ビル1F,1310,20261003,1250,60
松屋,福岡県,松屋 糸島店,福岡県糸島市神在西2丁目22番30号,1114,20261003,1057,57
松屋,東京都,松屋 自由ヶ丘店,東京都目黒区自由が丘1-12-3 第二元太ビル1F,1360,20261003,1300,60
松屋,広島県,松屋 七塚原SA（上り線）店,広島県庄原市山内町560-1,1141,20261003,1100,41
松屋,東京都,松屋 篠崎店,東京都江戸川区篠崎町7-21-13,1280,20261003,1250,30
松屋,大阪府,松屋 若江岩田店,大阪府東大阪市岩田町3-11-5,1231,20261003,1200,31
松屋,大阪府,松屋 守口佐太中町店/松のや 守口佐太中町店,大阪府守口市佐太中町6-55-36,1250,20261003,1190,60
松屋,大阪府,松屋 守口市駅前店,大阪府守口市桜町9-8,1250,20261003,1190,60
松屋,福岡県,松屋 周船寺店/松のや 周船寺店,福岡県福岡市西区周船寺3-11-10,1114,20261003,1100,14
松屋,大阪府,松屋 十三西口店,大阪府大阪市淀川区十三本町1-4-1,1231,20261003,1200,31
松屋,大阪府,松屋 十三東口店,大阪府大阪市淀川区十三東2-8-15,1231,20261003,1200,31
松屋,東京都,松屋 十条西口店,東京都北区上十条2丁目27番1号 J＆MALL 1階,1360,20261003,1300,60
松屋,東京都,松屋 渋谷清水橋店,東京都渋谷区本町3-39-3,1360,20261003,1300,60
松屋,東京都,松屋 春日店,東京都文京区小石川2-23-14 小石川ハイム,1360,20261003,1300,60
松屋,大阪府,松屋 春木店,大阪府岸和田市春木若松町18-31,1231,20261003,1200,31
松屋,東京都,松屋 曙橋店,東京都新宿区住吉町1-17 ジェントリー市ヶ谷1F,1380,20261003,1350,30
松屋,東京都,松屋 勝どき店,東京都中央区勝どき2-14-1,1330,20261003,1300,30
松屋,東京都,松屋 小金井関野町店,東京都小金井市関野町1丁目3-5,1310,20261003,1250,60
松屋,東京都,松屋 小松川店,東京都江戸川区小松川3-90,1280,20261003,1250,30
松屋,福岡県,松屋 小倉駅前店,福岡県北九州市小倉北区京町2-5-13,1114,20261003,1100,14
松屋,福岡県,松屋 小倉片野店,福岡県北九州市小倉北区片野4-20-12,1114,20261003,1100,14
松屋,東京都,松屋 小田急永山店,東京都多摩市永山1-18-2,1280,20261003,1250,30
松屋,神奈川,松屋 小田急相模原店,神奈川県相模原市南区松が枝町24-6,1300,20261003,1250,50
松屋,神奈川,松屋 小田原酒匂店,神奈川県小田原市西酒匂1-9-3,1320,20261003,1250,70
松屋,神奈川,松屋 小田原店,神奈川県小田原市栄町2-8-33 岩下第1ビル,1290,20261003,1250,40
松屋,東京都,松屋 小平小川店,東京都小平市小川東町5-2-5,1280,20261003,1250,30
松屋,東京都,松屋 沼袋店,東京都中野区沼袋3-4-18,1280,20261003,1250,30
松屋,静岡県,松屋 沼津店/松のや 沼津店,静岡県沼津市筒井町9-7,1250,20261003,1170,80
松屋,静岡県,松屋 沼津東椎路店/松のや 沼津東椎路店,静岡県沼津市東椎路515-1,1250,20261003,1200,50
松屋,静岡県,松屋 沼津南店,静岡県沼津市上香貫字三園町1372番地,1200,20261003,1150,50
松屋,神奈川,松屋 湘南台店,神奈川県藤沢市湘南台2-5-9,1300,20261003,1250,50
松屋,静岡県,松屋 焼津インター店/松のや 焼津インター店,静岡県焼津市八楠一丁目28-6,1250,20261003,1200,50
松屋,神奈川,松屋 上溝店/松のや 上溝店,神奈川県相模原市中央区上溝3-16-1,1279,20261003,1250,29
松屋,大阪府,松屋 上新庄店,大阪府大阪市東淀川区瑞光1-11-29 新高ビル1階,1231,20261003,1190,41
松屋,東京都,松屋 上石神井店,東京都練馬区上石神井2-25-5 栄ビル 1F,1280,20261003,1250,30
松屋,神奈川,松屋 上鶴間店,神奈川県相模原市南区上鶴間本町5丁目1番2号,1279,20261003,1250,29
松屋,長野県,松屋 上田秋和店,長野県上田市秋和492-5,1150,20261003,1100,50
松屋,東京都,松屋 上板橋店,東京都板橋区常盤台4-33-13,1280,20261003,1250,30
松屋,東京都,松屋 新井薬師前店/マイカリー食堂 新井薬師前店,東京都中野区上高田3-40-10,1280,20261003,1250,30
松屋,新潟県,松屋 新潟駅前店,新潟県新潟市中央区東大通1-6-1,1108,20261003,1100,8
松屋,新潟県,松屋 新潟大形店/松のや 新潟大形店,新潟県新潟市東区豊1-13-53,1108,20261003,1100,8
松屋,新潟県,松屋 新潟米山店,新潟県新潟市中央区米山5-14-5,1108,20261003,1100,8
松屋,新潟県,松屋 新潟豊栄店,新潟県新潟市北区かぶとやま2-2-58,1108,20261003,1100,8
松屋,新潟県,松屋 新潟万代シテイ店/松のや 新潟万代シテイ店,新潟県新潟市中央区万代1-1-22,1108,20261003,1100,8
松屋,東京都,松屋 新高円寺店,東京都杉並区高円寺南2-20-2,1360,20261003,1300,60
松屋,東京都,松屋 新宿1丁目店,東京都新宿区新宿1丁目26-6 新宿加藤ビルディング1F,1380,20261003,1350,30
松屋,東京都,松屋 新宿3丁目店,東京都新宿区新宿3-11-11 ダイアン新宿ビル,1380,20261003,1350,30
松屋,東京都,松屋 新宿西口店,東京都新宿区西新宿1-13-3,1400,20261003,1350,50
松屋,東京都,松屋 新宿大ガード店,東京都新宿区西新宿1-2-1,1400,20261003,1350,50
松屋,東京都,松屋 新宿二丁目店,東京都新宿区新宿2-7-3,1380,20261003,1350,30
松屋,神奈川,松屋 新杉田店,神奈川県横浜市磯子区新杉田町3-1,1300,20261003,1280,20
松屋,東京都,松屋 新大塚店,東京都豊島区東池袋5-52-16,1280,20261003,1250,30
松屋,東京都,松屋 新中野鍋屋横丁店/マイカリー食堂 新中野鍋屋横丁店,東京都中野区本町4-30-22,1360,20261003,1300,60
松屋,新潟県,松屋 新発田店/松のや 新発田店,新潟県新発田市小舟町1-7-6,1108,20261003,1100,8
松屋,東京都,松屋 深大寺3丁目店,東京都三鷹市深大寺3-8-7,1310,20261003,1250,60
松屋,東京都,松屋 深大寺店,東京都調布市深大寺北町4-30-3,1330,20261003,1270,60
松屋,東京都,松屋 神楽坂店,東京都新宿区神楽坂2-9,1310,20261003,1250,60
松屋,兵庫県,松屋 神戸伊川谷店/マイカリー食堂 神戸伊川谷店,兵庫県神戸市西区伊川谷町有瀬1304,1172,20261003,1150,22
松屋,兵庫県,松屋 神戸玉津店/松のや 神戸玉津店,兵庫県神戸市西区枝吉5丁目147番,1172,20261003,1150,22
松屋,兵庫県,松屋 神戸元町西口店,兵庫県神戸市中央区元町通2-8-14 オルタンシアビル1F,1172,20261003,1150,22
松屋,兵庫県,松屋 神戸元町東口店,兵庫県神戸市中央区北長狭通4丁目1-12 鯉川ビル,1172,20261003,1150,22
松屋,兵庫県,松屋 神戸三田駅前町店,兵庫県三田市駅前町19-10,1172,20261003,1150,22
松屋,東京都,松屋 神田小川町店,東京都千代田区神田小川町2-1-15 1.2F,1400,20261003,1350,50
松屋,東京都,松屋 神田西口店,東京都千代田区内神田2-12-5 翔和No.8神田ビル1F,1400,20261003,1350,50
松屋,東京都,松屋 神田南口店,東京都千代田区鍛冶町2-1-2 神田南口鋭光ビル,1400,20261003,1350,50
松屋,静岡県,松屋 神立店/松のや 神立店,静岡県浜松市中央区神立町118-2,1250,20261003,1200,50
松屋,神奈川,松屋 秦野店,神奈川県秦野市大秦町1-4 鈴よしビル1F,1290,20261003,1250,40
松屋,兵庫県,松屋 垂水店,兵庫県神戸市垂水区神田町3番18号ラ・メール垂水1F,1172,20261003,1150,22
松屋,東京都,松屋 水道橋店,東京都千代田区神田三崎町3-7-13,1360,20261003,1300,60
松屋,東京都,松屋 瑞江店,東京都江戸川区瑞江2-3-11,1280,20261003,1250,30
松屋,神奈川,松屋 瀬谷店/マイカリー食堂 瀬谷店,神奈川県横浜市瀬谷区中央1-6 第5白鳳ビル1F,1320,20261003,1250,70
松屋,東京都,松屋 成城学園前店/マイカリー食堂 成城学園前店,東京都世田谷区成城2-39-2,1280,20261003,1250,30
松屋,東京都,松屋 清瀬野塩店/マイカリー食堂 清瀬野塩店,東京都清瀬市野塩4-224-1,1280,20261003,1250,30
松屋,神奈川,松屋 生田店,神奈川県川崎市多摩区生田7-8-9,1279,20261003,1225,54
松屋,東京都,松屋 聖蹟桜ヶ丘店/松のや 聖蹟桜ヶ丘店,東京都多摩市関戸2-40-2 興進ビル,1280,20261003,1250,30
松屋,東京都,松屋 西荻窪店,東京都杉並区西荻南3-11-8,1360,20261003,1300,60
松屋,東京都,松屋 西蒲田店,東京都大田区西蒲田8-24-8,1350,20261003,1300,50
松屋,東京都,松屋 西五反田店,東京都品川区西五反田1-11-9 司ビル,1360,20261003,1350,10
松屋,東京都,松屋 西小山店,東京都品川区小山6-5-1,1360,20261003,1300,60
松屋,東京都,松屋 西新宿3丁目店,東京都新宿区西新宿3-7-21 陽輪台西新宿林屋ビル,1380,20261003,1350,30
松屋,東京都,松屋 西新宿8丁目店,東京都新宿区西新宿8-12-1 ダイヤモンドビル1F,1380,20261003,1350,30
松屋,東京都,松屋 西新宿タワー60店/マイカリー食堂 西新宿タワー60店,東京都新宿区西新宿5-5-1 ザ・パークハウス西新宿60 A103号室,1400,20261003,1300,100
松屋,東京都,松屋 西新宿店,東京都新宿区西新宿5-10-14,1400,20261003,1300,100
松屋,福岡県,松屋 西新店/マイカリー食堂 西新店,福岡県福岡市早良区西新5丁目1-2,1114,20261003,1100,14
松屋,東京都,松屋 西巣鴨店,東京都豊島区西巣鴨3-25-11 メトロエステート西巣鴨110・111号,1310,20261003,1250,60
松屋,東京都,松屋 西大井店,東京都品川区西大井1-4-20コア・スターレ西大井ショッピングセンター,1360,20261003,1300,60
松屋,大阪府,松屋 西中島店,大阪府大阪市淀川区西中島6-7-3,1231,20261003,1200,31
松屋,東京都,松屋 西日暮里店,東京都荒川区西日暮里5-24-5,1360,20261003,1300,60
松屋,東京都,松屋 西八王子店,東京都八王子市台町4-47-11,1280,20261003,1250,30
松屋,東京都,松屋 西武柳沢店,東京都西東京市柳沢6-1-2タイエイビル102,1280,20261003,1250,30
松屋,東京都,松屋 青物横丁店,東京都品川区東品川3-23-18 アツミビル,1360,20261003,1300,60
松屋,静岡県,松屋 静岡呉服町店/松のや 静岡呉服町店,静岡県静岡市葵区呉服町1-6-4,1250,20261003,1200,50
松屋,静岡県,松屋 静岡七ツ新屋店,静岡県静岡市清水区七ツ新屋328-1,1200,20261003,1150,50
松屋,静岡県,松屋 静岡池田店/松のや 静岡池田店,静岡県静岡市駿河区池田404-1,1250,20261003,1200,50
松屋,静岡県,松屋 静岡八幡店,静岡県静岡市駿河区八幡2丁目3-17,1200,20261003,1150,50
松屋,大阪府,松屋 石橋駅前店,大阪府池田市石橋1-10-27,1231,20261003,1200,31
松屋,東京都,松屋 石神井公園店,東京都練馬区石神井町3-21-2,1280,20261003,1250,30
松屋,東京都,松屋 石神井台店/松のや 石神井台店,東京都練馬区石神井台6丁目7-2,1280,20261003,1250,30
松屋,東京都,松屋 赤羽西口店,東京都北区赤羽西1-38-2,1360,20261003,1300,60
松屋,東京都,松屋 赤羽店,東京都北区赤羽2-1-19 十一会ビル,1360,20261003,1300,60
松屋,東京都,松屋 赤羽東口店,東京都北区赤羽1-2-6,1360,20261003,1300,60
松屋,東京都,松屋 千歳船橋店/マイカリー食堂 千歳船橋店,東京都世田谷区船橋1-1-9,1280,20261003,1250,30
松屋,東京都,松屋 千石店,東京都文京区千石4-46-14,1360,20261003,1300,60
松屋,東京都,松屋 千川店/マイカリー食堂 千川店,東京都豊島区要町3-38-3,1280,20261003,1250,30
松屋,東京都,松屋 千駄木店,東京都文京区千駄木2-33-8,1360,20261003,1300,60
松屋,大阪府,松屋 千里丘店/松のや 千里丘店,大阪府摂津市千里丘5-11-3,1231,20261003,1200,31
松屋,大阪府,松屋 千林大宮店,大阪府大阪市旭区森小路2-6-1,1250,20261003,1190,60
松屋,神奈川,松屋 川崎京町店/松のや 川崎京町店,神奈川県川崎市川崎区京町1-18-15,1350,20261003,1300,50
松屋,神奈川,松屋 川崎銀座街店,神奈川県川崎市川崎区砂子1-1-7,1350,20261003,1300,50
松屋,神奈川,松屋 川崎砂子店/マイカリー食堂 川崎砂子店,神奈川県川崎市川崎区砂子2-6-19,1350,20261003,1300,50
松屋,神奈川,松屋 川崎西口店,神奈川県川崎市幸区大宮町5-1,1350,20261003,1300,50
松屋,神奈川,松屋 川崎大師店/松のや 川崎大師店,神奈川県川崎市川崎区大師駅前1-6-6 T&#039;sgarden川崎大師2,1350,20261003,1300,50
松屋,神奈川,松屋 川崎枡形店,神奈川県川崎市多摩区枡形1-5-9,1279,20261003,1250,29
松屋,大阪府,松屋 泉大津店/松のや 泉大津店,大阪府泉大津市虫取町1-4-31,1231,20261003,1200,31
松屋,大阪府,松屋 曽根店,大阪府豊中市曽根東町2-12-14,1563,20261003,1200,363
松屋,東京都,松屋 祖師谷大蔵3丁目店,東京都世田谷区祖師谷3-32-14,1280,20261003,1250,30
松屋,東京都,松屋 早稲田店,東京都新宿区馬場下町62-18,1310,20261003,1250,60
松屋,東京都,松屋 巣鴨店/マイカリー食堂 巣鴨店,東京都豊島区巣鴨2丁目5-2,1360,20261003,1300,60
松屋,神奈川,松屋 相模原ラクーン店/松のや 相模原ラクーン店,神奈川県相模原市中央区小山1-1-10,1279,20261003,1250,29
松屋,神奈川,松屋 相模原相原店/松のや 相模原相原店,神奈川県相模原市緑区相原5-13-4,1279,20261003,1250,29
松屋,神奈川,松屋 相模原中央店,神奈川県相模原市中央区中央1-10-15,1279,20261003,1250,29
松屋,神奈川,松屋 相模大野店,神奈川県相模原市南区相模大野3-2-1,1300,20261003,1250,50
松屋,東京都,松屋 足立江北店,東京都足立区江北3丁目35番12号,1280,20261003,1250,30
松屋,東京都,松屋 足立保塚店,東京都足立区保塚町12-21,1280,20261003,1250,30
松屋,東京都,松屋 足立六町店/松のや 足立六町店,東京都足立区六町1-8-14,1280,20261003,1250,30
松屋,東京都,松屋 多摩ニュータウン店,東京都八王子市松木33-3,1280,20261003,1250,30
松屋,東京都,松屋 多摩愛宕店/松のや 多摩愛宕店,東京都多摩市愛宕4-7-3,1280,20261003,1250,30
松屋,静岡県,松屋 袋井店/松のや 袋井店,静岡県袋井市川井1280番,1250,20261003,1200,50
松屋,東京都,松屋 代々木上原店,東京都渋谷区西原3-7-6 大又建設ビル,1280,20261003,1250,30
松屋,東京都,松屋 代々木店,東京都渋谷区代々木1-34-4,1400,20261003,1380,20
松屋,東京都,松屋 大井町店,東京都品川区東大井5-6-8,1360,20261003,1300,60
松屋,東京都,松屋 大岡山店,東京都大田区北千束1-40-1 石井ビル1F,1360,20261003,1300,60
松屋,東京都,松屋 大久保2丁目店,東京都新宿区大久保2-5-1,1380,20261003,1300,80
松屋,東京都,松屋 大久保店,東京都新宿区百人町1-18-11,1360,20261003,1300,60
松屋,東京都,松屋 大山店,東京都板橋区大山東町58-2,1280,20261003,1250,30
松屋,東京都,松屋 大森町店,東京都大田区大森西3-20-14,1350,20261003,1300,50
松屋,東京都,松屋 大森店,東京都大田区山王2-2-11,1360,20261003,1300,60
松屋,東京都,松屋 大森北口店,東京都品川区南大井6-24-1,1360,20261003,1300,60
松屋,東京都,松屋 大泉学園町店,東京都練馬区大泉学園町7-15-20,1280,20261003,1250,30
松屋,東京都,松屋 大泉学園店,東京都練馬区東大泉1-37-3,1280,20261003,1250,30
松屋,東京都,松屋 大泉学園南口店,東京都練馬区東大泉5-41-14,1280,20261003,1250,30
松屋,神奈川,松屋 大船駅前店,神奈川県鎌倉市大船1-12-23,1300,20261003,1250,50
松屋,神奈川,松屋 大船店,神奈川県鎌倉市大船1-25-23,1300,20261003,1250,50
松屋,東京都,松屋 大鳥居店,東京都大田区萩中3-6-5,1350,20261003,1300,50
松屋,東京都,松屋 大塚店,東京都豊島区北大塚2-11-1,1280,20261003,1250,30
松屋,大阪府,松屋 大東御供田店,大阪府大東市御供田3-7-41,1250,20261003,1180,70
松屋,福岡県,松屋 大名1丁目店,福岡県福岡市中央区大名1-1-10 大名TCビル,1114,20261003,1100,14
松屋,福岡県,松屋 大野城横峰店/松のや 大野城横峰店,福岡県大野城市横峰2-3-9,1114,20261003,1100,14
松屋,神奈川,松屋 大和渋谷店,神奈川県大和市渋谷5-4-1,1300,20261003,1250,50
松屋,東京都,松屋 池上3丁目店,東京都大田区池上3-3-1,1350,20261003,1300,50
松屋,東京都,松屋 池上店,東京都大田区池上6-2-17,1350,20261003,1300,50
松屋,東京都,松屋 池尻大橋店,東京都目黒区東山3-1-15,1360,20261003,1300,60
松屋,東京都,松屋 竹ノ塚店,東京都足立区竹の塚6-9-2,1280,20261003,1250,30
松屋,福岡県,松屋 筑後店/松のや 筑後店,福岡県筑後市山ノ井356-1,1114,20261003,1100,14
松屋,東京都,松屋 中延店,東京都品川区中延4-5-3 智勇第一ビル1F,1360,20261003,1300,60
松屋,東京都,松屋 中河原店,東京都府中市住吉町2-2-2,1280,20261003,1250,30
松屋,神奈川,松屋 中山店,神奈川県横浜市緑区寺山町87-7,1300,20261003,1250,50
松屋,福岡県,松屋 中洲店,福岡県福岡市博多区中洲5-1-7 SPOONビル1階,1114,20261003,1100,14
松屋,東京都,松屋 中村橋店,東京都練馬区貫井2-2-5,1280,20261003,1250,30
松屋,東京都,松屋 中板橋店,東京都板橋区中板橋21-2,1280,20261003,1250,30
松屋,東京都,松屋 中目黒青葉台2丁目店,東京都目黒区青葉台2丁目21-9,1360,20261003,1300,60
松屋,東京都,松屋 中目黒店,東京都目黒区上目黒3-3-1 中津川ビル1・2F,1360,20261003,1300,60
松屋,東京都,松屋 中野駅前店,東京都中野区中野5-65-5 豊島興業ビル1F,1360,20261003,1300,60
松屋,東京都,松屋 中野坂上店,東京都中野区中央2-1-2,1360,20261003,1300,60
松屋,東京都,松屋 中野新橋店,東京都中野区弥生町2-23-3,1360,20261003,1300,60
松屋,東京都,松屋 中野通り店,東京都中野区中野5-68-9,1360,20261003,1300,60
松屋,神奈川,松屋 中野島店/マイカリー食堂 中野島店,神奈川県川崎市多摩区中野島1-9-2,1279,20261003,1250,29
松屋,東京都,松屋 中野南口店,東京都中野区中野2-29-8,1360,20261003,1300,60
松屋,東京都,松屋 中野富士見町店,東京都中野区弥生町5-27-7,1360,20261003,1300,60
松屋,福岡県,松屋 朝倉甘木店/松のや 朝倉甘木店,福岡県朝倉市甘木370-1,1114,20261003,1100,14
松屋,東京都,松屋 町屋店,東京都荒川区町屋1-2-10,1330,20261003,1300,30
松屋,神奈川,松屋 長後店,神奈川県藤沢市下土棚509-10,1290,20261003,1250,40
松屋,大阪府,松屋 長瀬店,大阪府東大阪市菱屋西1-17-14,1231,20261003,1200,31
松屋,大阪府,松屋 鳥飼店,大阪府摂津市鳥飼本町3-16-59,1231,20261003,1190,41
松屋,福岡県,松屋 直方PA（上り線）店,福岡県直方市植木1414-6,1114,20261003,1100,14
松屋,東京都,松屋 椎名町店,東京都豊島区長崎1丁目2‐4 バイオレットイン A室,1280,20261003,1250,30
松屋,神奈川,松屋 追浜店,神奈川県横須賀市追浜町3-13-13,1300,20261003,1250,50
松屋,大阪府,松屋 塚本店,大阪府大阪市淀川区塚本2-28-1リバーヴィレッジ塚本ビル,1231,20261003,1200,31
松屋,神奈川,松屋 鶴間店,神奈川県大和市西鶴間1-2-9 TSURUMA017,1300,20261003,1250,50
松屋,神奈川,松屋 鶴見店,神奈川県横浜市鶴見区豊岡町2-2 フーガ2,1350,20261003,1300,50
松屋,神奈川,松屋 鶴見東口店/マイカリー食堂 鶴見東口店,神奈川県横浜市鶴見区鶴見中央1-3-3,1350,20261003,1300,50
松屋,東京都,松屋 帝京大学前店,東京都八王子市大塚131-8,1280,20261003,1250,30
松屋,神奈川,松屋 天王町店,神奈川県横浜市保土ケ谷区天王町2-47-7,1300,20261003,1250,50
松屋,福岡県,松屋 天神店,福岡県福岡市中央区天神3-3-1 木下ビル,1114,20261003,1100,14
松屋,東京都,松屋 田無駅前店,東京都西東京市田無町4-2-12 A2ビル1階,1280,20261003,1250,30
松屋,東京都,松屋 都立家政店,東京都中野区鷺宮3-6-1 岡田ビル,1280,20261003,1250,30
松屋,東京都,松屋 都立大学店,東京都目黒区平町1-27-5,1360,20261003,1300,60
松屋,静岡県,松屋 島田店/松のや 島田店,静岡県島田市若松町2713番地5,1250,20261003,1150,100
松屋,東京都,松屋 東久留米店/マイカリー食堂 東久留米店,東京都東久留米市東本町1-8,1280,20261003,1250,30
松屋,神奈川,松屋 東戸塚西口店,神奈川県横浜市戸塚区川上町90-1,1300,20261003,1250,50
松屋,神奈川,松屋 東戸塚東口店,神奈川県横浜市戸塚区品濃町538-7,1300,20261003,1250,50
松屋,東京都,松屋 東五反田店,東京都品川区東五反田2-4-1 東五反田レンガビル1F,1360,20261003,1350,10
松屋,長野県,松屋 東御店,長野県東御市加沢1406-51,1150,20261003,1100,50
松屋,東京都,松屋 東高円寺店,東京都杉並区高円寺南1-6-5,1360,20261003,1300,60
松屋,東京都,松屋 東十条店/松のや 東十条店,東京都北区東十条4-4-24 宮田ビル1F,1360,20261003,1300,60
松屋,東京都,松屋 東小金井店,東京都小金井市東町4-42-19,1310,20261003,1250,60
松屋,東京都,松屋 東新宿店,東京都新宿区歌舞伎町2-2-21,1380,20261003,1330,50
松屋,東京都,松屋 東大井町店,東京都品川区東大井5-21-5,1360,20261003,1300,60
松屋,東京都,松屋 東中野2丁目店/松のや 東中野2丁目店,東京都中野区東中野2-2-3,1360,20261003,1300,60
松屋,東京都,松屋 東中野店,東京都中野区東中野3-1-19,1360,20261003,1300,60
松屋,東京都,松屋 東長崎駅前店,東京都豊島区南長崎5-25-12,1280,20261003,1250,30
松屋,東京都,松屋 東武練馬店,東京都板橋区徳丸3-1-26,1280,20261003,1250,30
松屋,東京都,松屋 東伏見店,東京都西東京市東伏見2-4-6高橋イーストビル,1280,20261003,1250,30
松屋,大阪府,松屋 東淀川菅原店,大阪府大阪市東淀川区菅原2-7-9,1231,20261003,1190,41
松屋,大阪府,松屋 藤井寺駅前店,大阪府藤井寺市岡2-7-18,1231,20261003,1200,31
松屋,静岡県,松屋 藤枝築地店/松のや 藤枝築地店,静岡県藤枝市築地1丁目18番8号,1250,20261003,1200,50
松屋,神奈川,松屋 藤沢石川店/松のや 藤沢石川店,神奈川県藤沢市石川6-19-7,1300,20261003,1250,50
松屋,神奈川,松屋 藤沢南口店,神奈川県藤沢市南藤沢2-10 ワカバビル1F,1300,20261003,1250,50
松屋,神奈川,松屋 藤沢北口店,神奈川県藤沢市藤沢462番地 吉塚ビル1F,1300,20261003,1250,50
松屋,福岡県,松屋 那珂川店/松のや 那珂川店,福岡県那珂川市片縄北6-17-8,1114,20261003,1057,57
松屋,大阪府,松屋 南茨木店,大阪府茨木市沢良宜西1-2-20,1231,20261003,1190,41
松屋,東京都,松屋 南千住店,東京都荒川区南千住7-1-1,1330,20261003,1300,30
松屋,東京都,松屋 南大沢店,東京都八王子市南大沢2丁目29番地,1280,20261003,1250,30
松屋,神奈川,松屋 南林間店,神奈川県大和市南林間1-8-1,1300,20261003,1250,50
松屋,福岡県,松屋 二又瀬店,福岡県福岡市東区二又瀬15-10,1114,20261003,1100,14
松屋,東京都,松屋 日暮里店,東京都荒川区西日暮里2-25-1-307,1330,20261003,1300,30
松屋,静岡県,松屋 日本坂PA（上り線）店,静岡県焼津市石脇上96-1,1200,20261003,1150,50
松屋,静岡県,松屋 日本平PA（下り線）店,静岡県静岡市駿河区国吉田字西原坪,1200,20261003,1150,50
松屋,東京都,松屋 日野三沢店,東京都日野市三沢1-19-2,1280,20261003,1250,30
松屋,東京都,松屋 日野神明店,東京都日野市神明2-1-1,1280,20261003,1250,30
松屋,東京都,松屋 日野店,東京都日野市大坂上1-30-24,1280,20261003,1250,30
松屋,大阪府,松屋 忍ヶ丘駅前店/松のや 忍ヶ丘駅前店,大阪府四條畷市岡山東1丁目-2-15,1250,20261003,1200,50
松屋,兵庫県,松屋 播磨町店,兵庫県加古郡播磨町南大中3-3-28,1172,20261003,1150,22
松屋,東京都,松屋 梅ヶ丘店,東京都世田谷区梅丘1-33-9,1280,20261003,1250,30
松屋,東京都,松屋 梅屋敷店,東京都大田区蒲田2-4-5 スカイドムス,1350,20261003,1300,50
松屋,福岡県,松屋 博多駅前通り店/マイカリー食堂 博多駅前通り店,福岡県福岡市博多区博多駅前3丁目30-29 タイセイ第2ビル,1114,20261003,1100,14
松屋,福岡県,松屋 博多駅南店/マイカリー食堂 博多駅南店,福岡県福岡市博多区博多駅南1-3-10,1114,20261003,1100,14
松屋,東京都,松屋 白山店,東京都文京区向丘1-9-23,1310,20261003,1250,60
松屋,東京都,松屋 八王子山田店/松のや 八王子山田店,東京都八王子市小比企町435番地9,1280,20261003,1250,30
松屋,東京都,松屋 八王子店,東京都八王子市旭町7-1 豊栄ビル,1280,20261003,1250,30
松屋,大阪府,松屋 八尾南太子堂店/松のや 八尾南太子堂店,大阪府八尾市南太子堂6-2-61,1231,20261003,1230,1
松屋,大阪府,松屋 八尾本町店,大阪府八尾市本町2-8-19,1231,20261003,1200,31
松屋,東京都,松屋 板橋区役所前店,東京都板橋区板橋2-61-11 ホシカメビル1F,1280,20261003,1250,30
松屋,東京都,松屋 板橋店,東京都板橋区板橋1-50-1,1280,20261003,1250,30
松屋,東京都,松屋 板橋本町店,東京都板橋区本町36-1 バロール本町1F,1280,20261003,1250,30
松屋,福岡県,松屋 飯塚片島店/松のや 飯塚片島店,福岡県飯塚市片島2丁目1-2,1114,20261003,1100,14
松屋,東京都,松屋 飯田橋駅前店,東京都千代田区飯田橋4丁目9-10,1310,20261003,1250,60
松屋,東京都,松屋 飯田橋東口店,東京都新宿区下宮比町1-1,1310,20261003,1250,60
松屋,静岡県,松屋 磐田岩井店/松のや 磐田岩井店,静岡県磐田市岩井字大久保3444番1,1250,20261003,1200,50
松屋,東京都,松屋 尾山台店,東京都世田谷区尾山台3-22-5 谷岸ビル,1360,20261003,1300,60
松屋,兵庫県,松屋 姫路花田店,兵庫県姫路市花田町1本松93番2 他,1172,20261003,1150,22
松屋,兵庫県,松屋 姫路飾磨店,兵庫県姫路市飾磨区今在家1066,1172,20261003,1150,22
松屋,神奈川,松屋 百合ヶ丘店,神奈川県川崎市麻生区百合丘1-1-4,1279,20261003,1225,54
松屋,東京都,松屋 氷川台店,東京都練馬区氷川台3-39-9,1280,20261003,1250,30
松屋,大阪府,松屋 瓢箪山駅前店,大阪府東大阪市本町15-15,1231,20261003,1200,31
松屋,大阪府,松屋 浜寺店,大阪府堺市西区浜寺船尾町西5丁132-1,1231,20261003,1200,31
松屋,静岡県,松屋 浜松高塚店/松のや 浜松高塚店,静岡県浜松市中央区高塚町4530,1250,20261003,1200,50
松屋,静岡県,松屋 浜松高竜店,静岡県浜松市中央区寺島町1024,1250,20261003,1200,50
松屋,静岡県,松屋 浜松高林店,静岡県浜松市中央区高林4-14-22,1250,20261003,1200,50
松屋,静岡県,松屋 浜松初生町店/松のや 浜松初生町店,静岡県浜松市中央区初生町798,1250,20261003,1200,50
松屋,東京都,松屋 不動前店,東京都品川区西五反田4-30-12 福井ビル,1360,20261003,1300,60
松屋,静岡県,松屋 富士ラウンドワン店,静岡県富士市八代町4-23,1250,20261003,1200,50
松屋,静岡県,松屋 富士宮店,静岡県富士宮市中原町312,1200,20261003,1160,40
松屋,東京都,松屋 富士見台店,東京都練馬区貫井3-1-8,1280,20261003,1250,30
松屋,大阪府,松屋 富田店,大阪府高槻市富田町1-6-3,1231,20261003,1190,41
松屋,大阪府,松屋 富田林店/松のや 富田林店,大阪府富田林市若松町2-3-18,1231,20261003,1200,31
松屋,大阪府,松屋 布施寿町店/松のや 布施寿町店,大阪府東大阪市寿町3-10-19,1231,20261003,1230,1
松屋,東京都,松屋 浮間舟渡駅前店,東京都北区浮間4-32-20,1360,20261003,1300,60
松屋,東京都,松屋 武蔵関店,東京都練馬区関町北2-27-13 下田ビル1F,1280,20261003,1250,30
松屋,東京都,松屋 武蔵境店,東京都武蔵野市境1-2-3,1310,20261003,1250,60
松屋,東京都,松屋 武蔵境南口店/松のや 武蔵境南口店,東京都武蔵野市境南町2-10-6 メゾン・ドゥ・ソレイユ1-1号室,1310,20261003,1250,60
松屋,東京都,松屋 武蔵小金井店,東京都小金井市本町1-18-8,1310,20261003,1250,60
松屋,東京都,松屋 武蔵小山店,東京都品川区小山3-25-15,1360,20261003,1300,60
松屋,東京都,松屋 武蔵新田店,東京都大田区矢口1-7-15イセモトビル,1350,20261003,1300,50
松屋,福岡県,松屋 福岡荒江店/松のや 福岡荒江店,福岡県福岡市早良区荒江3-15-8,1114,20261003,1100,14
松屋,福岡県,松屋 福岡箱崎店/マイカリー食堂 福岡箱崎店,福岡県福岡市東区東浜1-2-26,1114,20261003,1100,14
松屋,東京都,松屋 福生志茂店,東京都福生市志茂36-4,1280,20261003,1250,30
松屋,東京都,松屋 福生店,東京都福生市東町3-10 栄和ビル1F,1280,20261003,1250,30
松屋,神奈川,松屋 淵野辺店,神奈川県相模原市中央区鹿沼台2-18-6,1279,20261003,1250,29
松屋,神奈川,松屋 淵野辺北口店,神奈川県相模原市中央区淵野辺3-19-9,1279,20261003,1250,29
松屋,東京都,松屋 分倍河原店,東京都府中市片町2-22-1,1280,20261003,1250,30
松屋,東京都,松屋 平井駅前店,東京都江戸川区平井4-11-4,1280,20261003,1250,30
松屋,神奈川,松屋 平塚店,神奈川県平塚市紅谷町4-2 1F,1300,20261003,1250,50
松屋,神奈川,松屋 平塚北金目店,神奈川県平塚市北金目2-4-33,1300,20261003,1250,50
松屋,東京都,松屋 平和台店/マイカリー食堂 平和台店,東京都練馬区早宮2-17-39,1280,20261003,1250,30
松屋,東京都,松屋 平和島店,東京都大田区大森北6-13-10 島田ビル,1350,20261003,1300,50
松屋,東京都,松屋 保谷店,東京都西東京市東町3-14-27,1280,20261003,1250,30
松屋,神奈川,松屋 保土ヶ谷PA（下り線）店,神奈川県横浜市神奈川区羽沢町48,1320,20261003,1300,20
松屋,神奈川,松屋 保土ヶ谷店,神奈川県横浜市保土ケ谷区岩井町4,1320,20261003,1250,70
松屋,大阪府,松屋 放出店,大阪府大阪市鶴見区今津南1-7-29,1250,20261003,1180,70
松屋,東京都,松屋 方南町駅前店,東京都杉並区方南2-13-11 ,1360,20261003,1300,60
松屋,大阪府,松屋 豊中熊野町店/マイカリー食堂 豊中熊野町店,大阪府豊中市熊野町1-1-8,1231,20261003,1200,31
松屋,東京都,松屋 豊田店,東京都日野市多摩平1-2-1,1280,20261003,1250,30
松屋,東京都,松屋 豊島園店,東京都練馬区練馬4-15-23 パークサイドハイツ,1280,20261003,1250,30
松屋,福岡県,松屋 北九州高須東店/松のや 北九州高須東店,福岡県北九州市若松区高須東4-2-17,1114,20261003,1100,14
松屋,東京都,松屋 北赤羽店,東京都北区浮間3-1-38,1360,20261003,1300,60
松屋,東京都,松屋 北野店,東京都八王子市北野町546-2 横溝ビル,1280,20261003,1250,30
松屋,東京都,松屋 堀切菖蒲園店,東京都葛飾区堀切4-10-2,1280,20261003,1250,30
松屋,東京都,松屋 本郷三丁目店,東京都文京区本郷2-27-16,1360,20261003,1300,60
松屋,神奈川,松屋 本厚木店,神奈川県厚木市中町2-4-16 トキワヤビル1F,1300,20261003,1250,50
松屋,神奈川,松屋 麻溝台店,神奈川県相模原市南区麻溝台1-5-6,1279,20261003,1250,29
松屋,東京都,松屋 麻布台1丁目店,東京都港区麻布台1-9-10 飯倉ITビル,1360,20261003,1310,50
松屋,大阪府,松屋 枚方市役所前店,大阪府枚方市岡東町5-24,1250,20261003,1190,60
松屋,大阪府,松屋 箕面店/マイカリー食堂 箕面店,大阪府箕面市半町3-14-20,1231,20261003,1200,31
松屋,福岡県,松屋 姪浜店/松のや 姪浜店,福岡県福岡市西区内浜1-7-5 ウエストコート姪浜内,1114,20261003,1100,14
松屋,東京都,松屋 野方店,東京都中野区野方5-30-1 1・2F,1280,20261003,1250,30
松屋,和歌山,松屋 有田インター店/松のや 有田インター店,和歌山県有田郡有田川町大字天満163-1,1101,20261003,1100,1
松屋,東京都,松屋 祐天寺店,東京都目黒区祐天寺2-2-7 青埜ビル1F,1360,20261003,1300,60
松屋,東京都,松屋 用賀店,東京都世田谷区用賀2-38-14,1360,20261003,1300,60
松屋,東京都,松屋 要町店/マイカリー食堂 要町店,東京都豊島区要町1-18-1,1280,20261003,1250,30
松屋,神奈川,松屋 踊場店,神奈川県横浜市泉区中田南1-2-12,1300,20261003,1250,50
松屋,東京都,松屋 落合店,東京都新宿区上落合3-9-1,1360,20261003,1300,60
松屋,東京都,松屋 立会川店,東京都品川区東大井2-24-11 織戸ビル,1360,20261003,1300,60
松屋,兵庫県,松屋 鈴蘭台店,兵庫県神戸市北区鈴蘭台北町1-9-1 ,1172,20261003,1150,22
松屋,東京都,松屋 練馬高野台店,東京都練馬区高野台1‐7‐20プレステビル1F,1280,20261003,1250,30
松屋,東京都,松屋 練馬店,東京都練馬区豊玉北5-18-11,1280,20261003,1250,30
松屋,東京都,松屋 蓮根店,東京都板橋区蓮根2-31-3,1310,20261003,1250,60
松屋,和歌山,松屋 和歌山加納店/松のや 和歌山加納店,和歌山県和歌山市加納295-1（地番）,1101,20261003,1100,1
松屋,和歌山,松屋 和歌山向店,和歌山県和歌山市向220-3,1101,20261003,1100,1
松屋,大阪府,松屋 和泉中央駅店,大阪府和泉市いぶき野5-1-1,1231,20261003,1200,31
松屋,東京都,松屋 糀谷店/松のや 糀谷店,東京都大田区西糀谷4-14-12,1350,20261003,1300,50
松屋,東京都,松屋 茗荷谷店/マイカリー食堂 茗荷谷店,東京都文京区小日向4-6-23,1360,20261003,1300,60
松屋,埼玉県,松屋フーズ 川島生産物流センター,埼玉県比企郡川島町かわじま1-10,1200,20261003,1150,50
松屋,東京都,松屋フーズ 本社,東京都武蔵野市中町1-14-5,1280,20261003,1230,50
松屋,静岡県,松屋食堂 牧之原SA(上り線)店,静岡県牧之原市静谷字ウベ沢原2559番地6,1250,20261003,1150,100
松屋,神奈川,麦のトリコ 元住吉店,神奈川県川崎市中原区木月2-8-1,1279,20261003,1225,54
すき家,秋田県,すき家 101号男鹿店,秋田県男鹿市船越字内子294-1881,1150,20261003,1070,80
すき家,秋田県,すき家 105号大仙北長野店,秋田県大仙市北長野字道ノ下117-1,1150,20261003,1070,80
すき家,秋田県,すき家 105号北秋田店,秋田県北秋田市栄字前綱76,1130,20261003,1050,80
すき家,秋田県,すき家 105号由利本荘店,秋田県由利本荘市御門228-1,1120,20261003,1050,70
すき家,岩手県,すき家 106号宮古店,岩手県宮古市長町1-5-17,1150,20261003,1120,30
すき家,岩手県,すき家 107号北上和賀店,岩手県北上市和賀町藤根18地割247番地1 ,1180,20261003,1120,60
すき家,鹿児島,すき家 10号姶良宮島店,鹿児島県姶良市西餠田522-2,1180,20261003,1130,50
すき家,大分県,すき家 10号宇佐店,大分県宇佐市大字辛島286-1,1140,20261003,1050,90
すき家,宮崎県,すき家 10号延岡別府町店,宮崎県延岡市別府町3895-1,1130,20261003,1100,30
すき家,宮崎県,すき家 10号宮崎大橋店,宮崎県宮崎市大橋2-30,1130,20261003,1080,50
すき家,宮崎県,すき家 10号宮崎島之内店,宮崎県宮崎市大字島之内997-1,1130,20261003,1080,50
すき家,宮崎県,すき家 10号高鍋店,宮崎県児湯郡高鍋町大字北高鍋2970-1,1180,20261003,1130,50
すき家,大分県,すき家 10号大分大学前店,大分県大分市鴛野1373-1,1120,20261003,1050,70
すき家,宮崎県,すき家 10号都城上町店,宮崎県都城市上町1-15,1130,20261003,1080,50
すき家,宮崎県,すき家 10号都城都北店,宮崎県都城市都北町5928-1,1130,20261003,1080,50
すき家,宮崎県,すき家 10号日向原町店,宮崎県日向市原町2-11,1130,20261003,1100,30
すき家,山形県,すき家 112号寒河江店,山形県寒河江市高田129-1,1130,20261003,1080,50
すき家,宮城県,すき家 113号角田店,宮城県角田市角田字扇町5-5,1120,20261003,1050,70
すき家,福島県,すき家 115号福島方木田店,福島県福島市大森字北島45-1,1150,20261003,1080,70
すき家,新潟県,すき家 116号燕吉田店,新潟県燕市吉田字流間3740番1 ,1160,20261003,1100,60
すき家,新潟県,すき家 117号小千谷店,新潟県小千谷市大字桜町字天田5314番,1180,20261003,1100,80
すき家,長野県,すき家 117号飯山店,長野県飯山市静間2085-1,1300,20261003,1200,100
すき家,福島県,すき家 118号棚倉店,福島県東白川郡棚倉町棚倉字日向前24番の1,1180,20261003,1100,80
すき家,香川県,すき家 11号観音寺植田店,香川県観音寺市植田町字東原3-1,1170,20261003,1120,50
すき家,香川県,すき家 11号高松屋島店,香川県高松市高松町3009-9,1150,20261003,1070,80
すき家,香川県,すき家 11号高松春日店,香川県高松市春日町1626-1,1150,20261003,1070,80
すき家,香川県,すき家 11号高松檀紙店,香川県高松市檀紙町1513-5,1180,20261003,1100,80
すき家,香川県,すき家 11号三豊高瀬店,香川県三豊市高瀬町下勝間2550-1,1160,20261003,1100,60
すき家,愛媛県,すき家 11号四国中央三島店,愛媛県四国中央市具定町倉之内499ー3,1200,20261003,1130,70
すき家,愛媛県,すき家 11号松山久米窪田店,愛媛県松山市久米窪田町1162-1,1150,20261003,1050,100
すき家,愛媛県,すき家 11号新居浜外山店,愛媛県新居浜市外山町甲18-28,1180,20261003,1100,80
すき家,香川県,すき家 11号東かがわ店,香川県東かがわ市白鳥字田高田131-1,1200,20261003,1120,80
すき家,徳島県,すき家 11号徳島川内店,徳島県徳島市川内町平石古田36-2,1180,20261003,1100,80
すき家,福島県,すき家 121号喜多方店,福島県喜多方市関柴町上高額字前田1737-16,1180,20261003,1100,80
すき家,山形県,すき家 121号米沢徳町店,山形県米沢市徳町9番5号,1150,20261003,1100,50
すき家,埼玉県,すき家 122号騎西店,埼玉県加須市騎西字高道460-1,1250,20261003,1200,50
すき家,茨城県,すき家 124号鹿嶋宮中店,茨城県鹿嶋市宮中1975番1,1180,20261003,1150,30
すき家,茨城県,すき家 124号神栖木崎店,茨城県神栖市木崎2848-1,1180,20261003,1150,30
すき家,茨城県,すき家 124号波崎店,茨城県神栖市波崎8370-1,1220,20261003,1150,70
すき家,茨城県,すき家 125号阿見店,茨城県稲敷郡阿見町中郷2-29-16 ,1190,20261003,1130,60
すき家,茨城県,すき家 125号下妻店,茨城県下妻市下妻戊111-1,1200,20261003,1130,70
すき家,埼玉県,すき家 125号加須諏訪店,埼玉県加須市諏訪1-15-1,1250,20261003,1200,50
すき家,埼玉県,すき家 125号久喜栗橋店,埼玉県久喜市栗橋1301-3,1250,20261003,1200,50
すき家,茨城県,すき家 125号古河諸川店,茨城県古河市諸川時鳥井戸1279番1、1280番1、1281番3 ,1200,20261003,1130,70
すき家,茨城県,すき家 125号八千代町店,茨城県結城郡八千代町菅谷604-1,1200,20261003,1130,70
すき家,千葉県,すき家 126号千葉弁天店,千葉県千葉市中央区弁天4-11-26,1230,20261003,1180,50
すき家,千葉県,すき家 126号匝瑳八日市場店,千葉県匝瑳市八日市場口94番地5,1280,20261003,1230,50
すき家,千葉県,すき家 127号君津外箕輪店,千葉県君津市外箕輪3-17-21 ,1230,20261003,1200,30
すき家,千葉県,すき家 128号いすみ店,千葉県いすみ市若山字西伊能台16-1、17-1、17-2、27-1、27-2 ,1250,20261003,1150,100
すき家,千葉県,すき家 128号鴨川店,千葉県鴨川市横渚1175番,1250,20261003,1200,50
すき家,千葉県,すき家 128号東茂原店,千葉県茂原市東茂原1番地16,1250,20261003,1200,50
すき家,千葉県,すき家 128号茂原小林店,千葉県茂原市小林1619番2,1250,20261003,1200,50
すき家,神奈川,すき家 129号厚木IC店,神奈川県厚木市岡田3018,1320,20261003,1260,60
すき家,神奈川,すき家 129号厚木山際店,神奈川県厚木市山際281-1,1300,20261003,1225,75
すき家,神奈川,すき家 129号平塚四之宮店,神奈川県平塚市東真土2-5-53,1300,20261003,1225,75
すき家,北海道,すき家 12号岩見沢店,北海道岩見沢市九条西10-1-39,1230,20261003,1180,50
すき家,北海道,すき家 12号江別野幌店,北海道江別市野幌町48-4,1250,20261003,1200,50
すき家,北海道,すき家 12号滝川東町店,北海道滝川市東町2-42-7,1200,20261003,1150,50
すき家,神奈川,すき家 134号横須賀池田店,神奈川県横須賀市池田町5-14-12,1300,20261003,1250,50
すき家,神奈川,すき家 134号横須賀長坂店,神奈川県横須賀市長坂2-11-2,1300,20261003,1250,50
すき家,神奈川,すき家 134号三浦三崎口店,神奈川県三浦市初声町三戸236,1300,20261003,1225,75
すき家,静岡県,すき家 135号伊東吉田店,静岡県伊東市吉田346-1,1250,20261003,1200,50
すき家,静岡県,すき家 135号下田店,静岡県下田市柿崎字間戸浜6-22,1350,20261003,1300,50
すき家,静岡県,すき家 135号熱海店,静岡県熱海市下多賀572-2,1300,20261003,1250,50
すき家,静岡県,すき家 136号三島店,静岡県三島市安久146-3,1220,20261003,1180,40
すき家,山梨県,すき家 139号都留桂店,山梨県都留市桂町876-1,1220,20261003,1200,20
すき家,山梨県,すき家 139号都留田野倉店,山梨県都留市田野倉102,1220,20261003,1170,50
すき家,秋田県,すき家 13号秋田牛島店,秋田県秋田市牛島東1-5-3,1100,20261003,1050,50
すき家,秋田県,すき家 13号大仙大曲店,秋田県大仙市大曲戸巻町484-1,1150,20261003,1070,80
すき家,山形県,すき家 13号尾花沢店,山形県尾花沢市大字尾花沢下新田1731-2,1220,20261003,1050,170
すき家,福島県,すき家 13号福島矢野目店,福島県福島市北矢野目字原田66-13,1180,20261003,1130,50
すき家,山形県,すき家 13号米沢花沢店,山形県米沢市花沢710-7,1150,20261003,1100,50
すき家,埼玉県,すき家 140号寄居店,埼玉県大里郡寄居町寄居1538,1250,20261003,1200,50
すき家,埼玉県,すき家 140号秩父野坂店,埼玉県秩父市野坂町2-1-21,1250,20261003,1230,20
すき家,長野県,すき家 141号佐久跡部店,長野県佐久市跡部46-4,1280,20261003,1250,30
すき家,長野県,すき家 141号佐久平店,長野県佐久市大字長土呂260-1,1280,20261003,1250,30
すき家,山梨県,すき家 141号韮崎店,山梨県韮崎市藤井町北下條1358番1,1200,20261003,1150,50
すき家,山梨県,すき家 141号北杜須玉店,山梨県北杜市須玉町若神子3126,1220,20261003,1150,70
すき家,長野県,すき家 143号上田原店,長野県上田市上田原437-12,1200,20261003,1150,50
すき家,群馬県,すき家 145号東吾妻店,群馬県吾妻郡東吾妻町大字原町字長町761番1 ,1200,20261003,1150,50
すき家,長野県,すき家 147号安曇野穂高店,長野県安曇野市穂高2512-1、2512-2、2514-1の一部 ,1300,20261003,1270,30
すき家,長野県,すき家 147号大町店,長野県大町市大町6759,1280,20261003,1200,80
すき家,東京都,すき家 14号江戸川一之江店,東京都江戸川区一之江1-8-4,1330,20261003,1280,50
すき家,東京都,すき家 14号江戸川篠崎店,東京都江戸川区篠崎町7-1-17,1330,20261003,1280,50
すき家,東京都,すき家 14号江戸川松江店,東京都江戸川区松江1-8-8,1330,20261003,1280,50
すき家,千葉県,すき家 14号習志野谷津店,千葉県習志野市谷津2-18-45,1250,20261003,1230,20
すき家,静岡県,すき家 150号御前崎浜岡店,静岡県御前崎市池新田字下水神7625-2,1250,20261003,1180,70
すき家,静岡県,すき家 150号焼津八楠店,静岡県焼津市八楠3-19-1,1250,20261003,1180,70
すき家,静岡県,すき家 150号大須賀店,静岡県掛川市西大渕1684-1,1250,20261003,1200,50
すき家,静岡県,すき家 150号磐田海老島店,静岡県磐田市海老島793,1220,20261003,1200,20
すき家,静岡県,すき家 150号牧之原店,静岡県牧之原市静波2161-1,1230,20261003,1180,50
すき家,愛知県,すき家 151号新城店,愛知県新城市稲木字仲野69-10,1230,20261003,1180,50
すき家,愛知県,すき家 151号豊川IC店,愛知県豊川市大橋町2-1,1250,20261003,1200,50
すき家,長野県,すき家 152号茅野横内店,長野県茅野市ちの字本田2616番地2 ,1250,20261003,1200,50
すき家,長野県,すき家 152号茅野店,長野県茅野市本町東5291-1,1200,20261003,1150,50
すき家,静岡県,すき家 152号浜松篠ヶ瀬店,静岡県浜松市中央区篠ヶ瀬町1182,1270,20261003,1200,70
すき家,静岡県,すき家 152号浜北内野店,静岡県浜松市浜名区内野2691,1270,20261003,1250,20
すき家,長野県,すき家 153号伊那店,長野県伊那市山寺282-1,1250,20261003,1200,50
すき家,長野県,すき家 153号駒ヶ根下市場店,長野県駒ヶ根市下市場41-11、41-12、41-13、41-14 ,1280,20261003,1200,80
すき家,愛知県,すき家 153号千種本町店,愛知県名古屋市千種区千種1-21-3,1230,20261003,1200,30
すき家,愛知県,すき家 153号天白植田西店,愛知県名古屋市天白区植田西3-902,1210,20261003,1150,60
すき家,愛知県,すき家 153号日進赤池店,愛知県日進市浅田町笹原8-11,1210,20261003,1200,10
すき家,長野県,すき家 153号飯田座光寺店,長野県飯田市座光寺4705-1,1220,20261003,1200,20
すき家,愛知県,すき家 155号稲沢一色店,愛知県稲沢市一色下方町285-3,1210,20261003,1150,60
すき家,愛知県,すき家 155号岩倉店,愛知県岩倉市八剱町江迎18,1210,20261003,1150,60
すき家,愛知県,すき家 155号常滑大鳥店,愛知県常滑市虹の丘三丁目53-2,1280,20261003,1200,80
すき家,愛知県,すき家 155号知多新舞子店,愛知県知多市旭南2-48-1,1250,20261003,1180,70
すき家,愛知県,すき家 155号津島店,愛知県津島市申塚町2-143-1,1210,20261003,1150,60
すき家,愛知県,すき家 155号豊田浄水店,愛知県豊田市浄水町南平187-371,1230,20261003,1200,30
すき家,岐阜県,すき家 156号岐阜芥見店,岐阜県岐阜市芥見長山3-8-3,1180,20261003,1080,100
すき家,富山県,すき家 156号砺波店,富山県砺波市新又135-1,1350,20261003,1300,50
すき家,石川県,すき家 159号かほく店,石川県かほく市内日角6-1-1,1280,20261003,1200,80
すき家,富山県,すき家 160号氷見窪店,富山県氷見市窪841-1,1280,20261003,1200,80
すき家,滋賀県,すき家 161号安曇川店,滋賀県高島市安曇川町青柳1199-1,1200,20261003,1150,50
すき家,大阪府,すき家 163号門真殿島店,大阪府門真市殿島町7-13,1280,20261003,1230,50
すき家,三重県,すき家 165号久居IC店,三重県津市久居北口町47-6,1220,20261003,1150,70
すき家,三重県,すき家 165号名張蔵持店,三重県名張市蔵持町原出778-1,1180,20261003,1100,80
すき家,三重県,すき家 166号松阪末広店,三重県松阪市末広町2丁目195-4,1220,20261003,1150,70
すき家,三重県,すき家 167号志摩鵜方店,三重県志摩市阿児町鵜方4869,1280,20261003,1230,50
すき家,奈良県,すき家 168号生駒壱分店,奈良県生駒市有里町108-1,1200,20261003,1150,50
すき家,奈良県,すき家 169号桜井三輪店,奈良県桜井市三輪114-4,1200,20261003,1150,50
すき家,奈良県,すき家 169号天理勾田店,奈良県天理市勾田町82-1,1180,20261003,1150,30
すき家,奈良県,すき家 169号奈良紀寺町店,奈良県奈良市紀寺町682-1,1200,20261003,1150,50
すき家,神奈川,すき家 16号横須賀安浦店,神奈川県横須賀市安浦町3-24-3,1320,20261003,1300,20
すき家,神奈川,すき家 16号横浜下白根店,神奈川県横浜市旭区川島町2846-5,1300,20261003,1225,75
すき家,埼玉県,すき家 16号狭山上奥富店,埼玉県狭山市上奥富51-1,1250,20261003,1200,50
すき家,埼玉県,すき家 16号見沼深作店,埼玉県さいたま市見沼区深作2-29-14,1250,20261003,1200,50
すき家,埼玉県,すき家 16号春日部八丁目店,埼玉県春日部市八丁目1156-1,1250,20261003,1230,20
すき家,埼玉県,すき家 16号上尾瓦葺店,埼玉県上尾市瓦葺708-1,1250,20261003,1210,40
すき家,東京都,すき家 16号瑞穂南平店,東京都西多摩郡瑞穂町南平1-6-6,1300,20261003,1250,50
すき家,千葉県,すき家 16号千葉北IC店,千葉県千葉市稲毛区長沼町135-4,1230,20261003,1180,50
すき家,神奈川,すき家 16号相模原橋本店,神奈川県相模原市緑区橋本2-22-18,1290,20261003,1225,65
すき家,千葉県,すき家 16号袖ヶ浦神納店,千葉県袖ケ浦市神納1154-1,1250,20261003,1200,50
すき家,千葉県,すき家 16号柏IC店,千葉県柏市大青田1237,1250,20261003,1230,20
すき家,大阪府,すき家 170号羽曳野西浦店,大阪府羽曳野市西浦3-2-1,1250,20261003,1200,50
すき家,大阪府,すき家 170号熊取店,大阪府泉南郡熊取町紺屋2-5-5,1240,20261003,1200,40
すき家,大阪府,すき家 170号寝屋川高宮店,大阪府寝屋川市高宮1-10-27,1250,20261003,1230,20
すき家,京都府,すき家 171号向日店,京都府向日市鶏冠井町清水7-1,1250,20261003,1200,50
すき家,大阪府,すき家 171号箕面今宮店,大阪府箕面市今宮2-3-1,1250,20261003,1210,40
すき家,大阪府,すき家 171号箕面牧落店,大阪府箕面市牧落3-20-30,1250,20261003,1210,40
すき家,兵庫県,すき家 175号小野黒川店,兵庫県小野市黒川町1375,1250,20261003,1200,50
すき家,兵庫県,すき家 175号平野芝崎店,兵庫県神戸市西区平野町芝崎255-1,1250,20261003,1180,70
すき家,埼玉県,すき家 17号BP戸田美女木店,埼玉県戸田市美女木7-1-1,1250,20261003,1200,50
すき家,埼玉県,すき家 17号さいたま辻店,埼玉県さいたま市南区辻3-2-28,1230,20261003,1200,30
すき家,新潟県,すき家 17号魚沼店,新潟県魚沼市井口新田277-1,1180,20261003,1100,80
すき家,埼玉県,すき家 17号戸田川岸店,埼玉県戸田市川岸3丁目1番1号,1250,20261003,1200,50
すき家,群馬県,すき家 17号沼田店,群馬県沼田市硯田町590-5,1250,20261003,1200,50
すき家,埼玉県,すき家 17号上里店,埼玉県児玉郡上里町神保原町2211-2 ,1250,20261003,1200,50
すき家,埼玉県,すき家 17号深谷西店,埼玉県深谷市萱場116-1,1250,20261003,1200,50
すき家,埼玉県,すき家 17号本庄店,埼玉県本庄市本庄4-7-11,1250,20261003,1200,50
すき家,新潟県,すき家 17号六日町IC東店,新潟県南魚沼市美佐島516-4,1250,20261003,1200,50
すき家,広島県,すき家 183号広島可部店,広島県広島市安佐北区可部7-1-26,1180,20261003,1100,80
すき家,広島県,すき家 183号広島大芝店,広島県広島市西区大芝3丁目17,1180,20261003,1100,80
すき家,広島県,すき家 183号三次店,広島県三次市十日市中1-1-10,1230,20261003,1180,50
すき家,広島県,すき家 184号尾道店,広島県尾道市栗原西2-7-14,1180,20261003,1100,80
すき家,山口県,すき家 188号光浅江店,山口県光市浅江1-11-7,1180,20261003,1100,80
すき家,山口県,すき家 188号柳井店,山口県柳井市南町3-7-1,1180,20261003,1120,60
すき家,群馬県,すき家 18号安中原市店,群馬県安中市原市612-3,1200,20261003,1150,50
すき家,長野県,すき家 18号小諸店,長野県小諸市諸1-5-11,1220,20261003,1150,70
すき家,長野県,すき家 18号上田材木店,長野県上田市材木町1-9-16,1200,20261003,1150,50
すき家,長野県,すき家 18号上田秋和店,長野県上田市秋和立石344-4,1200,20261003,1150,50
すき家,長野県,すき家 18号上田大屋店,長野県上田市大屋347-8,1200,20261003,1150,50
すき家,長野県,すき家 18号千曲店,長野県千曲市大字粟佐1379-1,1250,20261003,1200,50
すき家,山口県,すき家 190号宇部西割店,山口県宇部市大字妻崎開作871-2,1120,20261003,1050,70
すき家,山口県,すき家 190号宇部西岐波店,山口県宇部市大字西岐波4165-1,1120,20261003,1050,70
すき家,島根県,すき家 191号益田店,島根県益田市あけぼの西町13-1,1200,20261003,1130,70
すき家,山口県,すき家 191号長門店,山口県長門市仙崎字網田331-1・331-2の一部 ,1150,20261003,1100,50
すき家,山口県,すき家 191号萩店,山口県萩市大字平安古町127,1150,20261003,1100,50
すき家,徳島県,すき家 192号吉野川店,徳島県吉野川市鴨島町上下島字宮内87-8,1160,20261003,1100,60
すき家,徳島県,すき家 192号徳島国府店,徳島県徳島市国府町観音寺大溝122-1,1170,20261003,1120,50
すき家,愛媛県,すき家 196号松山本町店,愛媛県松山市本町5丁目2番9 ,1100,20261003,1080,20
すき家,愛媛県,すき家 196号西条三津屋店,愛媛県西条市三津屋東52,1200,20261003,1110,90
すき家,大分県,すき家 197号大分庄境店,大分県大分市庄境4-15,1120,20261003,1050,70
すき家,福岡県,すき家 199号若松駅西店,福岡県北九州市若松区白山1丁目433番13 ,1140,20261003,1080,60
すき家,長野県,すき家 19号塩尻広丘店,長野県塩尻市広丘野村1503-1,1220,20261003,1170,50
すき家,岐阜県,すき家 19号恵那店,岐阜県恵那市長島町正家3丁目3番地1,1250,20261003,1200,50
すき家,長野県,すき家 19号松本高宮店,長野県松本市高宮東1-25,1200,20261003,1150,50
すき家,長野県,すき家 19号松本村井店,長野県松本市村井町北2-8-45,1280,20261003,1220,60
すき家,岐阜県,すき家 19号瑞浪店,岐阜県瑞浪市穂並1-64,1180,20261003,1130,50
すき家,岐阜県,すき家 19号多治見音羽店,岐阜県多治見市音羽町4-1,1180,20261003,1150,30
すき家,岐阜県,すき家 19号中津川店,岐阜県中津川市手賀野273番地の13,1180,20261003,1130,50
すき家,長野県,すき家 19号長野中御所店,長野県長野市中御所4-3-4,1200,20261003,1150,50
すき家,岐阜県,すき家 19号土岐店,岐阜県土岐市泉仲森町1-17,1180,20261003,1130,50
すき家,神奈川,すき家 1国横浜権太坂店,神奈川県横浜市保土ケ谷区狩場町218-21,1320,20261003,1280,40
すき家,神奈川,すき家 1国横浜不動坂店,神奈川県横浜市戸塚区柏尾町928-1,1320,20261003,1280,40
すき家,愛知県,すき家 1国岡崎栄町店,愛知県岡崎市栄町5-2-1,1250,20261003,1200,50
すき家,愛知県,すき家 1国蟹江新田店,愛知県海部郡蟹江町大字蟹江新田字大海用38-4,1230,20261003,1180,50
すき家,神奈川,すき家 1国茅ヶ崎十間坂店,神奈川県茅ヶ崎市十間坂3-2-2,1300,20261003,1250,50
すき家,三重県,すき家 1国亀山店,三重県亀山市井田川町51-1,1180,20261003,1100,80
すき家,三重県,すき家 1国桑名店,三重県桑名市東方福島前655-1,1200,20261003,1180,20
すき家,神奈川,すき家 1国戸塚店,神奈川県横浜市戸塚区戸塚町3153-45,1310,20261003,1225,85
すき家,滋賀県,すき家 1国湖南石部店,滋賀県湖南市石部口1-10-5,1150,20261003,1100,50
すき家,静岡県,すき家 1国三島谷田店,静岡県三島市谷田60-1,1200,20261003,1160,40
すき家,京都府,すき家 1国山科西野店,京都府京都市山科区西野山階町11-5,1200,20261003,1180,20
すき家,三重県,すき家 1国四日市八田店,三重県四日市市八田3-2-24,1200,20261003,1180,20
すき家,静岡県,すき家 1国沼津共栄店,静岡県沼津市共栄町19-4,1200,20261003,1170,30
すき家,大阪府,すき家 1国城東関目店,大阪府大阪市城東区関目5-3-3,1300,20261003,1250,50
すき家,滋賀県,すき家 1国水口店,滋賀県甲賀市水口町北泉2-2,1220,20261003,1175,45
すき家,静岡県,すき家 1国静岡馬渕店,静岡県静岡市駿河区馬渕1-17-38,1180,20261003,1160,20
すき家,滋賀県,すき家 1国草津大路店,滋賀県草津市大路3-138,1200,20261003,1150,50
すき家,滋賀県,すき家 1国大津瀬田店,滋賀県大津市大江4-5-6,1150,20261003,1100,50
すき家,三重県,すき家 1国朝日店,三重県三重郡朝日町縄生567,1200,20261003,1180,20
すき家,神奈川,すき家 1国鶴見下末吉店,神奈川県横浜市鶴見区下末吉4-4-18 コーポ鶴石1F,1320,20261003,1300,20
すき家,神奈川,すき家 1国藤沢辻堂店,神奈川県藤沢市辻堂神台2-8-17,1310,20261003,1280,30
すき家,愛知県,すき家 1国豊橋下地店,愛知県豊橋市下地町字宮腰11-9,1230,20261003,1180,50
すき家,愛知県,すき家 1国豊橋岩屋店,愛知県豊橋市岩屋町字岩屋下47-11,1230,20261003,1180,50
すき家,愛知県,すき家 1国豊川御油店,愛知県豊川市御油町池田53-4,1230,20261003,1180,50
すき家,大阪府,すき家 1国枚方北中振店,大阪府枚方市北中振4-10-5,1250,20261003,1230,20
すき家,愛知県,すき家 1国緑区境松店,愛知県名古屋市緑区境松1-327-1,1210,20261003,1150,60
すき家,福岡県,すき家 200号直方店,福岡県直方市大字頓野字縄手下3891-11,1160,20261003,1080,80
すき家,福岡県,すき家 200号飯塚嘉穂店,福岡県飯塚市小正298-2,1130,20261003,1080,50
すき家,福岡県,すき家 201号田川店,福岡県田川市伊田4338,1130,20261003,1080,50
すき家,佐賀県,すき家 202号伊万里店,佐賀県伊万里市二里町大里乙102-1,1120,20261003,1080,40
すき家,福岡県,すき家 202号糸島前原店,福岡県糸島市前原東1-6-13,1130,20261003,1070,60
すき家,佐賀県,すき家 202号唐津鏡店,佐賀県唐津市鏡4664-1,1110,20261003,1080,30
すき家,福岡県,すき家 202号福岡周船寺店,福岡県福岡市西区周船寺1-13-8,1120,20261003,1080,40
すき家,長崎県,すき家 204号佐世保田原店,長崎県佐世保市田原町17-23,1150,20261003,1080,70
すき家,長崎県,すき家 207号時津店,長崎県西彼杵郡時津町浜田郷627-1,1120,20261003,1080,40
すき家,佐賀県,すき家 207号鹿島店,佐賀県鹿島市高津原5045,1150,20261003,1120,30
すき家,熊本県,すき家 208号玉名店,熊本県玉名市築地字下原809,1130,20261003,1080,50
すき家,熊本県,すき家 208号荒尾原万田店,熊本県荒尾市原万田字八反田618-3,1150,20261003,1100,50
すき家,福岡県,すき家 208号柳川店,福岡県柳川市三橋町柳河827-4,1150,20261003,1080,70
すき家,福岡県,すき家 209号筑後店,福岡県筑後市山ノ井346-3,1150,20261003,1100,50
すき家,山梨県,すき家 20号甲斐竜王店,山梨県甲斐市富竹新田1279-1,1220,20261003,1150,70
すき家,山梨県,すき家 20号甲府向町店,山梨県甲府市向町729-1,1280,20261003,1200,80
すき家,山梨県,すき家 20号笛吹一宮店,山梨県笛吹市一宮町東原25-1,1280,20261003,1200,80
すき家,東京都,すき家 20号日野万願寺店,東京都日野市万願寺5-14-8,1300,20261003,1250,50
すき家,福岡県,すき家 210号うきは店,福岡県うきは市吉井町清瀬515-2,1130,20261003,1100,30
すき家,大分県,すき家 210号大分わさだ店,大分県大分市市85-1,1170,20261003,1150,20
すき家,福岡県,すき家 211号八幡西店,福岡県北九州市八幡西区上の原3-1-6,1130,20261003,1080,50
すき家,大分県,すき家 212号日田店,大分県日田市南元町20-7,1150,20261003,1130,20
すき家,大分県,すき家 213号中津店,大分県中津市中殿町3-31-14,1170,20261003,1100,70
すき家,大分県,すき家 217号臼杵店,大分県臼杵市市浜1128-1,1140,20261003,1100,40
すき家,大分県,すき家 217号佐伯店,大分県佐伯市鶴岡町1-3-5,1120,20261003,1100,20
すき家,熊本県,すき家 219号人吉店,熊本県人吉市下薩摩瀬町1587-5,1180,20261003,1120,60
すき家,岐阜県,すき家 21号可児御嵩IC店,岐阜県可児市柿田829-1,1200,20261003,1130,70
すき家,岐阜県,すき家 21号各務原鵜沼店,岐阜県各務原市鵜沼西町3-234,1180,20261003,1100,80
すき家,岐阜県,すき家 21号岐阜各務原IC店,岐阜県各務原市那加緑町1-24-1,1150,20261003,1100,50
すき家,岐阜県,すき家 21号垂井店,岐阜県不破郡垂井町宮代字提3018-1,1180,20261003,1130,50
すき家,岐阜県,すき家 21号大垣中野店,岐阜県大垣市中野町78-2,1180,20261003,1130,50
すき家,鹿児島,すき家 220号志布志店,鹿児島県志布志市志布志町安楽123-21,1180,20261003,1130,50
すき家,宮崎県,すき家 221号小林店,宮崎県小林市堤3013-1,1180,20261003,1150,30
すき家,宮崎県,すき家 222号日南店,宮崎県日南市中央通1-11-23,1180,20261003,1130,50
すき家,鹿児島,すき家 223号霧島隼人店,鹿児島県霧島市隼人町見次1010-4,1130,20261003,1100,30
すき家,鹿児島,すき家 226号指宿店,鹿児島県指宿市西方2164-1,1180,20261003,1100,80
すき家,北海道,すき家 228号北斗七重浜店,北海道北斗市七重浜7-2-1,1250,20261003,1200,50
すき家,愛知県,すき家 22号一宮浅野店,愛知県一宮市浅野字土井ノ内117-1,1210,20261003,1150,60
すき家,北海道,すき家 230号札幌川沿店,北海道札幌市南区川沿11条1丁目477番1 ,1250,20261003,1200,50
すき家,北海道,すき家 235号静内店,北海道日高郡新ひだか町静内末広町2-1-20,1220,20261003,1200,20
すき家,北海道,すき家 236号帯広大通店,北海道帯広市大通南3-1-1,1250,20261003,1200,50
すき家,北海道,すき家 238号紋別店,北海道紋別市落石町4-13-13,1350,20261003,1300,50
すき家,三重県,すき家 23号伊勢店,三重県伊勢市小木町高野699-1,1220,20261003,1150,70
すき家,宮城県,すき家 23号多賀城町前店,宮城県多賀城市町前3-7-7,1150,20261003,1100,50
すき家,三重県,すき家 23号津栗真中山店,三重県津市栗真中山町2-1,1150,20261003,1100,50
すき家,愛知県,すき家 23号南区元塩店,愛知県名古屋市南区元塩町1-5-7,1250,20261003,1200,50
すき家,愛知県,すき家 23号豊橋花田店,愛知県豊橋市花田町字荒木37-1,1230,20261003,1180,50
すき家,北海道,すき家 241号音更店,北海道河東郡音更町木野大通東十五丁目2番2 ,1250,20261003,1200,50
すき家,北海道,すき家 242号遠軽店,北海道紋別郡遠軽町大通北八丁目1番47,1250,20261003,1200,50
すき家,茨城県,すき家 245号那珂湊店,茨城県ひたちなか市峰後10番14,1200,20261003,1180,20
すき家,茨城県,すき家 245号日立久慈店,茨城県日立市久慈町4-6-6,1200,20261003,1130,70
すき家,神奈川,すき家 246号伊勢原白根店,神奈川県伊勢原市白根95-1,1300,20261003,1225,75
すき家,神奈川,すき家 246号秦野渋沢店,神奈川県秦野市並木町188-1,1300,20261003,1225,75
すき家,愛知県,すき家 247号西尾一色店,愛知県西尾市一色町味浜上浜47-1,1230,20261003,1200,30
すき家,愛知県,すき家 247号半田店,愛知県半田市昭和町3-20,1250,20261003,1180,70
すき家,愛知県,すき家 247号美浜店,愛知県知多郡美浜町新浦戸1-11-4,1250,20261003,1180,70
すき家,愛知県,すき家 248号岡崎岩津店,愛知県岡崎市岩津町字新城107-7,1250,20261003,1180,70
すき家,愛知県,すき家 248号幸田大草店,愛知県額田郡幸田町大字大草字検行132-2,1280,20261003,1250,30
すき家,奈良県,すき家 24号橿原葛本町店,奈良県橿原市葛本町東笠706,1180,20261003,1150,30
すき家,奈良県,すき家 24号五條今井店,奈良県五條市今井1-11-57,1200,20261003,1150,50
すき家,和歌山,すき家 24号高野口名古曽店,和歌山県橋本市高野口町名古曽948-1,1200,20261003,1150,50
すき家,奈良県,すき家 24号天理嘉幡店,奈良県天理市嘉幡町590-1,1200,20261003,1150,50
すき家,兵庫県,すき家 250号赤穂駅前店,兵庫県赤穂市加里屋69-11,1230,20261003,1200,30
すき家,長崎県,すき家 251号島原宮の町店,長崎県島原市宮の町648-1,1200,20261003,1150,50
すき家,群馬県,すき家 254号富岡店,群馬県富岡市富岡2364-5,1200,20261003,1150,50
すき家,埼玉県,すき家 254号本庄児玉店,埼玉県本庄市児玉町吉田林397-3,1250,20261003,1200,50
すき家,神奈川,すき家 255号小田原成田店,神奈川県小田原市成田408-1,1300,20261003,1250,50
すき家,神奈川,すき家 255号大井松田店,神奈川県足柄上郡大井町金子1627-1,1300,20261003,1225,75
すき家,静岡県,すき家 257号浜松住吉店,静岡県浜松市中央区住吉三丁目23番17号,1220,20261003,1180,40
すき家,三重県,すき家 258号多度店,三重県桑名市多度町香取284-2,1180,20261003,1150,30
すき家,愛知県,すき家 259号田原店,愛知県田原市谷熊町備後42-1,1250,20261003,1200,50
すき家,大阪府,すき家 25号八尾永畑店,大阪府八尾市永畑町1-2-58,1250,20261003,1230,20
すき家,奈良県,すき家 25号斑鳩法隆寺店,奈良県生駒郡斑鳩町法隆寺東2-1-22,1200,20261003,1150,50
すき家,大阪府,すき家 25号平野加美西店,大阪府大阪市平野区加美西1-6-16,1280,20261003,1200,80
すき家,佐賀県,すき家 263号佐賀大和IC店,佐賀県佐賀市大和町尼寺3386-1,1130,20261003,1100,30
すき家,福岡県,すき家 263号福岡野芥店,福岡県福岡市早良区野芥4-45-5,1130,20261003,1070,60
すき家,熊本県,すき家 266号宇城松橋店,熊本県宇城市松橋町曲野133-4,1150,20261003,1080,70
すき家,熊本県,すき家 266号上天草店,熊本県上天草市大矢野町登立字筒之裏 2880番8 ,1150,20261003,1100,50
すき家,鹿児島,すき家 268号伊佐店,鹿児島県伊佐市大口里801-1,1150,20261003,1080,70
すき家,宮崎県,すき家 269号宮崎清武店,宮崎県宮崎市清武町正手3-17-1,1130,20261003,1080,50
すき家,大阪府,すき家 26号岸和田下池田店,大阪府岸和田市下池田町1-2-3,1250,20261003,1200,50
すき家,大阪府,すき家 26号高石店,大阪府高石市西取石7-11-1,1250,20261003,1200,50
すき家,大阪府,すき家 26号堺山本店,大阪府堺市堺区山本町3-78,1250,20261003,1200,50
すき家,大阪府,すき家 26号西住之江店,大阪府大阪市住之江区西住之江1-9-21,1250,20261003,1200,50
すき家,大阪府,すき家 26号泉佐野鶴原店,大阪府泉佐野市鶴原1855-3,1250,20261003,1200,50
すき家,大阪府,すき家 26号泉大津店,大阪府泉大津市北豊中町2-17-24,1250,20261003,1200,50
すき家,鹿児島,すき家 270号南さつま店,鹿児島県南さつま市加世田本町13-5,1200,20261003,1180,20
すき家,福井県,すき家 27号小浜店,福井県小浜市遠敷24-26-1,1350,20261003,1300,50
すき家,岩手県,すき家 282号八幡平店,岩手県八幡平市大更第18地割88-12,1180,20261003,1120,60
すき家,岩手県,すき家 283号遠野店,岩手県遠野市早瀬町4-7-36,1120,20261003,1031,89
すき家,秋田県,すき家 285号潟上店,秋田県潟上市飯田川飯塚宇岡谷地13-1、14-1、15-1 ,1180,20261003,1100,80
すき家,宮城県,すき家 286号仙台山田店,宮城県仙台市太白区山田字汚田通17-1,1150,20261003,1130,20
すき家,山形県,すき家 287号長井店,山形県長井市東町6-31,1130,20261003,1080,50
すき家,福島県,すき家 288号田村店,福島県田村市船引町船引字舘柄前89-1,1150,20261003,1080,70
すき家,新潟県,すき家 289号三条東裏館店,新潟県三条市東裏館3-1-7,1180,20261003,1100,80
すき家,福島県,すき家 289号白河店,福島県白河市新高山41-1,1150,20261003,1080,70
すき家,徳島県,すき家 28号徳島松茂店,徳島県板野郡松茂町広島字東裏42-3 ,1160,20261003,1150,10
すき家,徳島県,すき家 28号鳴門大津店,徳島県鳴門市大津町吉永四番越471-1,1200,20261003,1120,80
すき家,栃木県,すき家 294号真岡久下田店,栃木県真岡市久下田西三丁目100番1,1180,20261003,1130,50
すき家,栃木県,すき家 294号真岡東光寺店,栃木県真岡市東光寺1-25-10,1180,20261003,1130,50
すき家,千葉県,すき家 297号大多喜店,千葉県夷隅郡大多喜町船子311-3,1230,20261003,1150,80
すき家,埼玉県,すき家 299号入間野田店,埼玉県入間市野田1571-2,1250,20261003,1200,50
すき家,兵庫県,すき家 29号宍粟店,兵庫県宍粟市山崎町今宿字中筋98-14,1230,20261003,1180,50
すき家,岡山県,すき家 2国岡山早島店,岡山県都窪郡早島町早島3444-1,1170,20261003,1130,40
すき家,山口県,すき家 2国下関長府店,山口県下関市長府松小田本町24-6,1120,20261003,1050,70
すき家,岡山県,すき家 2国笠岡店,岡山県笠岡市三番町2-30,1200,20261003,1100,100
すき家,山口県,すき家 2国岩国室の木店,山口県岩国市室の木町1-8-38,1180,20261003,1100,80
すき家,広島県,すき家 2国広島楽々園店,広島県広島市佐伯区楽々園2-2-22,1180,20261003,1150,30
すき家,広島県,すき家 2国広島東雲店,広島県広島市南区東雲3-13-6,1200,20261003,1150,50
すき家,兵庫県,すき家 2国西宮北今津店,兵庫県西宮市津門稲荷町5-8,1200,20261003,1180,20
すき家,広島県,すき家 2国大竹西栄店,広島県大竹市西栄1-7-13,1150,20261003,1100,50
すき家,兵庫県,すき家 2国尼崎杭瀬店,兵庫県尼崎市杭瀬北新町3-2-18,1250,20261003,1210,40
すき家,広島県,すき家 2国福山引野店,広島県福山市引野町5-19-30,1180,20261003,1120,60
すき家,広島県,すき家 2国福山高西店,広島県福山市高西町4-4-9,1200,20261003,1100,100
すき家,広島県,すき家 2国福山南本庄店,広島県福山市南本庄2-7-4,1180,20261003,1120,60
すき家,兵庫県,すき家 2国明石魚住店,兵庫県明石市魚住町金ヶ崎324-1,1230,20261003,1180,50
すき家,兵庫県,すき家 2国明石天文町店,兵庫県明石市天文町1-8-6,1230,20261003,1180,50
すき家,静岡県,すき家 301号湖西店,静岡県湖西市古見字高田984-7,1270,20261003,1230,40
すき家,岐阜県,すき家 303号大野店,岐阜県揖斐郡大野町大字中之元字下姥田928-4,1180,20261003,1130,50
すき家,石川県,すき家 305号小松今江店,石川県小松市今江町3-700,1280,20261003,1200,80
すき家,石川県,すき家 305号上小松店,石川県小松市上小松町137-1,1280,20261003,1200,80
すき家,滋賀県,すき家 307号日野店,滋賀県蒲生郡日野町大字松尾929番地1,1250,20261003,1150,100
すき家,大阪府,すき家 307号枚方津田西店,大阪府枚方市津田西町1-2-1,1250,20261003,1230,20
すき家,大阪府,すき家 309号堺黒山店,大阪府堺市美原区黒山168-1,1250,20261003,1200,50
すき家,大阪府,すき家 310号堺大野芝店,大阪府堺市中区大野芝町209-1,1250,20261003,1200,50
すき家,大阪府,すき家 310号大阪狭山店,大阪府大阪狭山市東茱萸木1-691-1,1240,20261003,1200,40
すき家,兵庫県,すき家 312号姫路砥堀店,兵庫県姫路市砥堀350-2,1200,20261003,1180,20
すき家,京都府,すき家 312号峰山店,京都府京丹後市峰山町字新町1527-4,1280,20261003,1230,50
すき家,兵庫県,すき家 312号和田山IC店,兵庫県朝来市和田山町枚田592-1,1280,20261003,1230,50
すき家,岡山県,すき家 313号真庭店,岡山県真庭市惣146-1,1200,20261003,1130,70
すき家,広島県,すき家 31号呉海岸通り店,広島県呉市海岸1-7-12,1180,20261003,1120,60
すき家,熊本県,すき家 324号天草店,熊本県天草市小松原町7-12,1180,20261003,1150,30
すき家,熊本県,すき家 325号菊池店,熊本県菊池市隈府字北原597-2,1150,20261003,1100,50
すき家,沖縄県,すき家 329号西原店,沖縄県中頭郡西原町字我謝786-2,1120,20261003,1100,20
すき家,沖縄県,すき家 329号那覇古波蔵店,沖縄県那覇市古波蔵3-14-2,1150,20261003,1100,50
すき家,沖縄県,すき家 329号那覇上間店,沖縄県那覇市上間276-1,1150,20261003,1100,50
すき家,沖縄県,すき家 329号北中城店,沖縄県中頭郡北中城村字渡口456-3,1150,20261003,1080,70
すき家,沖縄県,すき家 330号浦添内間店,沖縄県浦添市内間2-6-9,1150,20261003,1100,50
すき家,沖縄県,すき家 331号糸満店,沖縄県糸満市潮平603-1,1180,20261003,1120,60
すき家,沖縄県,すき家 331号南城店,沖縄県南城市佐敷津波古1356-2,1120,20261003,1080,40
すき家,山形県,すき家 348号山形南館店,山形県山形市南館1201-1,1130,20261003,1080,50
すき家,茨城県,すき家 349号常陸太田店,茨城県常陸太田市山下町字日本杉4284,1220,20261003,1180,40
すき家,茨城県,すき家 349号那珂店,茨城県那珂市竹ノ内4-11-8,1220,20261003,1180,40
すき家,佐賀県,すき家 34号吉野ヶ里店,佐賀県神埼郡吉野ヶ里町田手1678-16,1130,20261003,1080,50
すき家,佐賀県,すき家 34号佐賀高木瀬店,佐賀県佐賀市高木瀬町大字東高木字六本杉240番3 ,1150,20261003,1120,30
すき家,佐賀県,すき家 34号小城三日月店,佐賀県小城市三日月町金田1101-1,1130,20261003,1100,30
すき家,長崎県,すき家 34号大村店,長崎県大村市桜馬場2-370-1,1150,20261003,1100,50
すき家,長崎県,すき家 34号長崎矢上町店,長崎県長崎市矢上町52-2,1120,20261003,1080,40
すき家,佐賀県,すき家 34号鳥栖店,佐賀県鳥栖市萱方町177-1,1150,20261003,1100,50
すき家,佐賀県,すき家 34号武雄店,佐賀県武雄市武雄町昭和795-1,1130,20261003,1080,50
すき家,栃木県,すき家 352号日光芹沼店,栃木県日光市芹沼字鳥屋場1436番1 ,1250,20261003,1180,70
すき家,茨城県,すき家 354号土浦南店,茨城県土浦市永国848-9,1190,20261003,1150,40
すき家,群馬県,すき家 354号邑楽店,群馬県邑楽郡邑楽町狸塚字高原357-1,1170,20261003,1120,50
すき家,千葉県,すき家 356号銚子店,千葉県銚子市長塚町1丁目459番、461番1、461番11、462番7 ,1250,20261003,1180,70
すき家,富山県,すき家 359号婦中店,富山県富山市婦中町下轡田444-1,1300,20261003,1250,50
すき家,長崎県,すき家 35号佐世保大和店,長崎県佐世保市大和町749-1,1150,20261003,1080,70
すき家,三重県,すき家 365号四日市野田店,三重県四日市市野田2-2-34,1200,20261003,1150,50
すき家,愛知県,すき家 366号東浦店,愛知県知多郡東浦町大字生路字前田20,1250,20261003,1180,70
すき家,北海道,すき家 36号清田里塚店,北海道札幌市清田区里塚一条3-2-10,1250,20261003,1200,50
すき家,北海道,すき家 36号千歳店,北海道千歳市新富1-19-4,1250,20261003,1200,50
すき家,北海道,すき家 36号苫小牧日吉店,北海道苫小牧市日吉町1-1-5,1220,20261003,1200,20
すき家,北海道,すき家 36号苫小牧明野店,北海道苫小牧市明野新町2-1-4,1250,20261003,1200,50
すき家,大阪府,すき家 371号河内長野三日市店,大阪府河内長野市三日市町248,1240,20261003,1200,40
すき家,兵庫県,すき家 372号姫路花田店,兵庫県姫路市花田町上原田字小深田4番1、2番7 ,1230,20261003,1200,30
すき家,広島県,すき家 375号東広島西条店,広島県東広島市東広島市西条町土与丸字円行1517-1他7筆 ,1160,20261003,1120,40
すき家,愛媛県,すき家 378号八幡浜店,愛媛県八幡浜市産業通13-12,1200,20261003,1100,100
すき家,北海道,すき家 37号伊達店,北海道伊達市舟岡町214番13,1250,20261003,1200,50
すき家,北海道,すき家 37号室蘭中島店,北海道室蘭市中島町2-6-12,1220,20261003,1200,20
すき家,熊本県,すき家 387号合志店,熊本県合志市御代志1736-4,1150,20261003,1100,50
すき家,福岡県,すき家 389号大牟田店,福岡県大牟田市大正町3-4-3,1150,20261003,1130,20
すき家,北海道,すき家 38号釧路鳥取店,北海道釧路市鳥取大通3-4-12,1220,20261003,1150,70
すき家,北海道,すき家 38号帯広柏林台店,北海道帯広市西十七条南1-25-1,1250,20261003,1200,50
すき家,北海道,すき家 38号幕別店,北海道中川郡幕別町札内暁町4番1 ,1250,20261003,1200,50
すき家,沖縄県,すき家 390号石垣真栄里店,沖縄県石垣市字真栄里西原104番9 ,1400,20261003,1350,50
すき家,秋田県,すき家 398号湯沢沖鶴店,秋田県湯沢市沖鶴234-1,1120,20261003,1050,70
すき家,北海道,すき家 39号北見大町店,北海道北見市大町21-1,1180,20261003,1150,30
すき家,北海道,すき家 39号網走新町店,北海道網走市新町2-3-5,1300,20261003,1200,100
すき家,鹿児島,すき家 3号いちき串木野店,鹿児島県いちき串木野市浜ケ城12283-2,1130,20261003,1080,50
すき家,鹿児島,すき家 3号阿久根店,鹿児島県阿久根市折口4303番,1150,20261003,1080,70
すき家,熊本県,すき家 3号宇土店,熊本県宇土市水町62-7,1150,20261003,1080,70
すき家,福岡県,すき家 3号岡垣店,福岡県遠賀郡岡垣町東山田二丁目3-8,1130,20261003,1080,50
すき家,熊本県,すき家 3号熊本藤崎店,熊本県熊本市中央区妙体寺町2-1,1100,20261003,1034,66
すき家,福岡県,すき家 3号黒崎店,福岡県北九州市八幡西区熊西2-1-29,1130,20261003,1080,50
すき家,鹿児島,すき家 3号薩摩川内店,鹿児島県薩摩川内市御陵下町字住連木14-18,1180,20261003,1150,30
すき家,鹿児島,すき家 3号鹿児島草牟田店,鹿児島県鹿児島市草牟田町3-1,1150,20261003,1080,70
すき家,福岡県,すき家 3号小倉北到津店,福岡県北九州市小倉北区上到津2-3-15 1F,1130,20261003,1080,50
すき家,熊本県,すき家 3号水俣店,熊本県水俣市百間町1-12-1,1200,20261003,1120,80
すき家,福岡県,すき家 3号八女店,福岡県八女市本村字荷稲559-1,1150,20261003,1100,50
すき家,福岡県,すき家 3号門司黄金町店,福岡県北九州市門司区黄金町3-22,1130,20261003,1080,50
すき家,新潟県,すき家 403号加茂店,新潟県加茂市番田5-20,1160,20261003,1100,60
すき家,長野県,すき家 403号中野江部店,長野県中野市大字江部1371番地5,1250,20261003,1200,50
すき家,埼玉県,すき家 407号熊谷弥藤吾店,埼玉県熊谷市弥藤吾1519-2,1250,20261003,1200,50
すき家,埼玉県,すき家 407号鶴ヶ島IC店,埼玉県鶴ヶ島市脚折町5-5-40,1250,20261003,1200,50
すき家,茨城県,すき家 408号稲敷角崎店,茨城県稲敷市柴崎5568,1200,20261003,1100,100
すき家,北海道,すき家 40号名寄店,北海道名寄市西四条南10-56-1,1260,20261003,1200,60
すき家,神奈川,すき家 412号厚木中荻野店,神奈川県厚木市中荻野580-1,1300,20261003,1225,75
すき家,神奈川,すき家 412号厚木林店,神奈川県厚木市林4-12-34,1300,20261003,1260,40
すき家,神奈川,すき家 413号津久井三ケ木店,神奈川県相模原市緑区三ケ木405-1,1320,20261003,1250,70
すき家,静岡県,すき家 414号沼津三枚橋店,静岡県沼津市三枚橋町10-1,1210,20261003,1200,10
すき家,福井県,すき家 416号福井開発店,福井県福井市開発4-309,1250,20261003,1200,50
すき家,愛知県,すき家 419号高浜店,愛知県高浜市湯山町2-5-1,1250,20261003,1180,70
すき家,岐阜県,すき家 41号下呂店,岐阜県下呂市萩原町上呂字堂前1624-1,1250,20261003,1200,50
すき家,岐阜県,すき家 41号高山店,岐阜県高山市下岡本町3014-5,1250,20261003,1200,50
すき家,愛知県,すき家 41号大口店,愛知県丹羽郡大口町中小口3-72-1,1230,20261003,1180,50
すき家,富山県,すき家 41号富山下大久保店,富山県富山市下大久保2439番地2,1300,20261003,1250,50
すき家,三重県,すき家 421号いなべ店,三重県いなべ市員弁町大泉新田字野溜42-5,1200,20261003,1150,50
すき家,滋賀県,すき家 421号八日市店,滋賀県東近江市東沖野1-4-3,1200,20261003,1150,50
すき家,和歌山,すき家 42号海南店,和歌山県海南市船尾264-1,1200,20261003,1150,50
すき家,三重県,すき家 42号熊野店,三重県熊野市井戸町字うまどめ4899,1250,20261003,1180,70
すき家,和歌山,すき家 42号御坊店,和歌山県御坊市薗13番7,1180,20261003,1150,30
すき家,三重県,すき家 42号尾鷲店,三重県尾鷲市倉ノ谷町1034-40,1250,20261003,1180,70
すき家,和歌山,すき家 42号有田店,和歌山県有田市宮崎町34-1,1200,20261003,1150,50
すき家,岡山県,すき家 430号倉敷児島店,岡山県倉敷市児島小川町3682-5,1180,20261003,1170,10
すき家,岡山県,すき家 430号倉敷水島店,岡山県倉敷市東塚1-16-29,1200,20261003,1170,30
すき家,鳥取県,すき家 431号境港店,鳥取県境港市財ノ木町236-1,1180,20261003,1100,80
すき家,鳥取県,すき家 431号米子日吉津店,鳥取県西伯郡日吉津村日吉津1305-1,1180,20261003,1100,80
すき家,広島県,すき家 432号竹原店,広島県竹原市下野町小井手3256-1,1180,20261003,1100,80
すき家,鹿児島,すき家 447号出水店,鹿児島県出水市六月田町399,1150,20261003,1080,70
すき家,北海道,すき家 44号釧路木場店,北海道釧路郡釧路町木場1-3-3,1200,20261003,1150,50
すき家,北海道,すき家 44号根室店,北海道根室市西浜町8-92-1,1250,20261003,1200,50
すき家,青森県,すき家 45号おいらせ店,青森県上北郡おいらせ町菜飯52-4,1150,20261003,1070,80
すき家,宮城県,すき家 45号東松島矢本店,宮城県東松島市赤井字八反谷地80-7,1150,20261003,1100,50
すき家,青森県,すき家 45号八戸城下店,青森県八戸市城下4-14-14,1120,20261003,1050,70
すき家,埼玉県,すき家 463号BP所沢上新井店,埼玉県所沢市上新井3-1-3,1250,20261003,1230,20
すき家,埼玉県,すき家 463号さいたま大門店,埼玉県さいたま市緑区美園6-11-12,1250,20261003,1230,20
すき家,埼玉県,すき家 463号入間上藤沢店,埼玉県入間市大字上藤沢56番地,1250,20261003,1230,20
すき家,埼玉県,すき家 463号入間東店,埼玉県入間市東町6-1-24,1250,20261003,1230,20
すき家,千葉県,すき家 464号千葉NT白井店,千葉県白井市根447-2,1250,20261003,1200,50
すき家,神奈川,すき家 467号大和深見店,神奈川県大和市深見3868 山口ビル1F,1300,20261003,1225,75
すき家,神奈川,すき家 467号藤沢長後店,神奈川県藤沢市長後754-1,1310,20261003,1250,60
すき家,富山県,すき家 472号射水店,富山県射水市下条新1482-1,1250,20261003,1200,50
すき家,岡山県,すき家 486号井原店,岡山県井原市井原町115,1200,20261003,1100,100
すき家,広島県,すき家 486号備後府中店,広島県府中市高木町本堀田643-1,1200,20261003,1120,80
すき家,広島県,すき家 486号福山駅家店,広島県福山市駅家町万能倉288-1,1180,20261003,1120,60
すき家,宮城県,すき家 48号仙台折立店,宮城県仙台市青葉区折立1-21-20,1150,20261003,1100,50
すき家,福岡県,すき家 495号古賀花見店,福岡県古賀市花見東1-15-13,1130,20261003,1070,60
すき家,福岡県,すき家 496号行橋店,福岡県行橋市西宮市4-2-11,1130,20261003,1100,30
すき家,長崎県,すき家 499号長崎江川町店,長崎県長崎市柳田町28-1,1120,20261003,1080,40
すき家,新潟県,すき家 49号阿賀野水原店,新潟県阿賀野市庄ケ宮字沢田662-5 ,1160,20261003,1100,60
すき家,福島県,すき家 49号会津坂下店,福島県河沼郡会津坂下町字館ノ下107,1150,20261003,1100,50
すき家,福島県,すき家 49号郡山IC店,福島県郡山市富田町池ノ上36-1,1220,20261003,1180,40
すき家,福島県,すき家 49号郡山菜根店,福島県郡山市字菜根屋敷59-22,1130,20261003,1080,50
すき家,埼玉県,すき家 4号越谷大間野店,埼玉県越谷市大間野町2-207-4,1250,20261003,1200,50
すき家,岩手県,すき家 4号奥州水沢店,岩手県奥州市水沢区太日通り1-4-13,1150,20261003,1100,50
すき家,栃木県,すき家 4号下野笹原店,栃木県下野市笹原83-1,1150,20261003,1130,20
すき家,岩手県,すき家 4号金ヶ崎店,岩手県胆沢郡金ケ崎町三ケ尻荒巻159-1,1150,20261003,1080,70
すき家,福島県,すき家 4号郡山安積店,福島県郡山市安積3-43,1100,20261003,1080,20
すき家,宮城県,すき家 4号古川西館店,宮城県大崎市古川西館3-9-1,1150,20261003,1100,50
すき家,岩手県,すき家 4号紫波店,岩手県紫波郡紫波町桜町字浦田14-1,1130,20261003,1050,80
すき家,宮城県,すき家 4号柴田店,宮城県柴田郡柴田町西船迫1-1-55,1100,20261003,1050,50
すき家,埼玉県,すき家 4号春日部備後店,埼玉県春日部市備後東5-11-17,1250,20261003,1200,50
すき家,栃木県,すき家 4号小山間々田店,栃木県小山市間々田五料2416-5,1150,20261003,1130,20
すき家,埼玉県,すき家 4号杉戸堤根店,埼玉県北葛飾郡杉戸町堤根4024-1,1250,20261003,1180,70
すき家,岩手県,すき家 4号盛岡上田店,岩手県盛岡市上田4-20-47,1100,20261003,1050,50
すき家,岩手県,すき家 4号盛岡西見前店,岩手県盛岡市西見前18-35-9,1090,20261003,1050,40
すき家,岩手県,すき家 4号盛岡茶畑店,岩手県盛岡市茶畑2-22-1,1120,20261003,1050,70
すき家,宮城県,すき家 4号仙台郡山店,宮城県仙台市太白区郡山字出丸1-1,1150,20261003,1100,50
すき家,岩手県,すき家 4号前沢店,岩手県奥州市前沢向田2丁目18,1150,20261003,1080,70
すき家,東京都,すき家 4号足立保木間店,東京都足立区西保木間1-17-20,1330,20261003,1280,50
すき家,岩手県,すき家 4号滝沢店,岩手県滝沢市巣子109-2,1120,20261003,1050,70
すき家,岩手県,すき家 4号二戸店,岩手県二戸市米沢字下村6-1,1120,20261003,1050,70
すき家,福島県,すき家 4号福島伊達店,福島県伊達市鍛治屋川27-1,1200,20261003,1130,70
すき家,福島県,すき家 4号福島黒岩店,福島県福島市黒岩堂之後55-1,1150,20261003,1080,70
すき家,福島県,すき家 4号本宮店,福島県本宮市本宮字南ノ内34-7,1180,20261003,1130,50
すき家,福島県,すき家 4号矢吹店,福島県西白河郡矢吹町新町205-1,1150,20261003,1100,50
すき家,栃木県,すき家 4号矢板店,栃木県矢板市中691-1,1150,20261003,1130,20
すき家,福岡県,すき家 500号小郡店,福岡県小郡市小郡字江下1483-4,1130,20261003,1080,50
すき家,大分県,すき家 500号別府石垣店,大分県別府市石垣西10-3-30,1110,20261003,1050,60
すき家,沖縄県,すき家 507号那覇国場店,沖縄県那覇市国場1082、1083、1084-8 ,1150,20261003,1100,50
すき家,沖縄県,すき家 507号八重瀬店,沖縄県島尻郡八重瀬町字伊覇46-4,1120,20261003,1080,40
すき家,群馬県,すき家 50号伊勢崎赤堀店,群馬県伊勢崎市赤堀今井町1-557-1,1200,20261003,1150,50
すき家,群馬県,すき家 50号桐生広沢店,群馬県桐生市広沢町三丁目字反町4023-2,1200,20261003,1150,50
すき家,栃木県,すき家 50号足利福富店,栃木県足利市福富町1107-1,1150,20261003,1130,20
すき家,茨城県,すき家 50号筑西布川店,茨城県筑西市布川1310-14,1180,20261003,1130,50
すき家,茨城県,すき家 50号筑西蓮沼店,茨城県筑西市蓮沼1534-1,1200,20261003,1130,70
すき家,茨城県,すき家 51号水戸大洗IC店,茨城県水戸市大串町965-3,1220,20261003,1130,90
すき家,茨城県,すき家 51号潮来店,茨城県潮来市延方西1462-3,1180,20261003,1100,80
すき家,山梨県,すき家 52号甲府美術館通り店,山梨県甲府市貢川1丁目388-1、387 ,1280,20261003,1250,30
すき家,山梨県,すき家 52号甲府宝店,山梨県甲府市宝2-25-8,1200,20261003,1150,50
すき家,静岡県,すき家 52号清水興津店,静岡県静岡市清水区興津中町字金山下1371-1,1200,20261003,1150,50
すき家,岡山県,すき家 53号岡山IC店,岡山県岡山市北区津島京町1-3-18,1130,20261003,1080,50
すき家,島根県,すき家 54号雲南店,島根県雲南市三刀屋町三刀屋22番地1,1180,20261003,1130,50
すき家,広島県,すき家 54号広島IC店,広島県広島市安佐南区緑井5-19-36,1180,20261003,1120,60
すき家,高知県,すき家 55号安芸店,高知県安芸市安芸市川北甲1680番1 ,1150,20261003,1080,70
すき家,高知県,すき家 55号香南野市店,高知県香南市野市町西野字力ノ丸2298番1、2298番2、2299番1 ,1120,20261003,1070,50
すき家,徳島県,すき家 55号徳島沖浜店,徳島県徳島市山城西4-1,1180,20261003,1120,60
すき家,愛媛県,すき家 56号伊予松前店,愛媛県伊予郡松前町大字恵久美617-1,1150,20261003,1050,100
すき家,愛媛県,すき家 56号宇和島宮下店,愛媛県宇和島市宮下字太田甲191-1,1200,20261003,1100,100
すき家,高知県,すき家 56号高知大原町店,高知県高知市大原町101-1,1150,20261003,1100,50
すき家,高知県,すき家 56号四万十古津賀店,高知県四万十市古津賀1-8,1150,20261003,1080,70
すき家,高知県,すき家 56号宿毛店,高知県宿毛市宿毛1761-1,1150,20261003,1060,90
すき家,高知県,すき家 56号須崎店,高知県須崎市神田2503-1,1200,20261003,1150,50
すき家,愛媛県,すき家 56号西予店,愛媛県西予市宇和町卯之町4丁目661番1,1180,20261003,1080,100
すき家,愛媛県,すき家 56号大洲松ヶ花店,愛媛県大洲市新谷乙543-1,1200,20261003,1120,80
すき家,高知県,すき家 56号土佐高岡店,高知県土佐市高岡町字野田南ノ丁乙3369-1,1180,20261003,1100,80
すき家,熊本県,すき家 57号熊本田井島店,熊本県熊本市南区田迎町大字田井島208,1180,20261003,1080,100
すき家,熊本県,すき家 57号大津店,熊本県菊池郡大津町大字大津1302-1,1220,20261003,1200,20
すき家,長崎県,すき家 57号諫早小川町店,長崎県諫早市小川町53-1,1180,20261003,1120,60
すき家,沖縄県,すき家 58号宜野湾大謝名店,沖縄県宜野湾市宇地泊一丁目1番5号,1150,20261003,1100,50
すき家,沖縄県,すき家 58号読谷店,沖縄県中頭郡読谷村伊良皆661-1,1200,20261003,1150,50
すき家,沖縄県,すき家 58号北谷店,沖縄県中頭郡北谷町北谷2-12-6 第5松栄ビル1F,1200,20261003,1150,50
すき家,沖縄県,すき家 58号名護東江店,沖縄県名護市東江5-6517-1,1200,20261003,1150,50
すき家,北海道,すき家 5号倶知安店,北海道虻田郡倶知安町南四条西一丁目32番,1650,20261003,1570,80
すき家,北海道,すき家 5号七飯店,北海道亀田郡七飯町大川二丁目67番1、67番2 ,1250,20261003,1200,50
すき家,北海道,すき家 5号小樽朝里店,北海道小樽市新光2-1-4,1300,20261003,1250,50
すき家,北海道,すき家 5号函館亀田店,北海道函館市亀田町17-11,1220,20261003,1200,20
すき家,茨城県,すき家 6号かすみがうら店,茨城県かすみがうら市上稲吉1964-1,1190,20261003,1150,40
すき家,茨城県,すき家 6号ひたちなか田彦店,茨城県ひたちなか市大字田彦1569-1,1220,20261003,1150,70
すき家,茨城県,すき家 6号高萩店,茨城県高萩市東本町3-22-2,1200,20261003,1150,50
すき家,千葉県,すき家 6号松戸きよしヶ丘店,千葉県松戸市小金きよしヶ丘4-11-6,1250,20261003,1200,50
すき家,茨城県,すき家 6号水戸住吉店,茨城県水戸市住吉町47-1,1200,20261003,1150,50
すき家,茨城県,すき家 6号石岡店,茨城県石岡市旭台1-1-5,1230,20261003,1180,50
すき家,福島県,すき家 6号南相馬原町店,福島県南相馬市原町区日の出町251番地の1,1280,20261003,1220,60
すき家,茨城県,すき家 6号日立金沢店,茨城県日立市金沢町1-13-10 ,1200,20261003,1130,70
すき家,茨城県,すき家 6号日立城南店,茨城県日立市城南町2-10-1 ,1200,20261003,1130,70
すき家,秋田県,すき家 7号にかほ店,秋田県にかほ市平沢字町田129-1,1180,20261003,1100,80
すき家,青森県,すき家 7号弘前高崎店,青森県弘前市大字高崎字広田115-2,1100,20261003,1050,50
すき家,秋田県,すき家 7号秋田土崎店,秋田県秋田市土崎港相染町字沼端77番27 ,1150,20261003,1100,50
すき家,新潟県,すき家 7号新発田中曽根店,新潟県新発田市中曽根町3-10-12,1160,20261003,1100,60
すき家,新潟県,すき家 7号新発田緑町店,新潟県新発田市緑町二丁目787-1、788-1 ,1160,20261003,1120,40
すき家,新潟県,すき家 7号村上店,新潟県村上市村上字牛沢22-1,1260,20261003,1200,60
すき家,新潟県,すき家 7号胎内店,新潟県胎内市大川町15-33,1160,20261003,1100,60
すき家,秋田県,すき家 7号大館店,秋田県大館市根下戸新町9-25,1120,20261003,1050,70
すき家,青森県,すき家 7号藤崎店,青森県南津軽郡藤崎町大字西豊田3丁目1-6,1150,20261003,1050,100
すき家,秋田県,すき家 7号能代店,秋田県能代市字寿域長根42-22,1180,20261003,1120,60
すき家,石川県,すき家 8号加賀加茂店,石川県加賀市加茂町チ65-1,1250,20261003,1150,100
すき家,石川県,すき家 8号金沢福久店,石川県金沢市福久東1-37,1220,20261003,1150,70
すき家,新潟県,すき家 8号見附店,新潟県見附市今町四丁目9番34-1号,1180,20261003,1100,80
すき家,富山県,すき家 8号高岡北島店,富山県高岡市北島婦計459-2,1280,20261003,1200,80
すき家,富山県,すき家 8号黒部新堂店,富山県黒部市新堂31番,1350,20261003,1300,50
すき家,福井県,すき家 8号坂井丸岡店,福井県坂井市丸岡町朝陽2-102-1,1280,20261003,1200,80
すき家,新潟県,すき家 8号糸魚川寺島店,新潟県糸魚川市寺島3-2-34,1320,20261003,1250,70
すき家,新潟県,すき家 8号上越下荒浜店,新潟県上越市大字下荒浜字大谷内横田346-1,1180,20261003,1120,60
すき家,滋賀県,すき家 8号長浜下坂中町店,滋賀県長浜市下坂中町79番地,1250,20261003,1200,50
すき家,新潟県,すき家 8号柏崎松美店,新潟県柏崎市松美二丁目5番5号,1180,20261003,1100,80
すき家,石川県,すき家 8号白山乾店,石川県白山市乾町166,1280,20261003,1220,60
すき家,滋賀県,すき家 8号彦根野口店,滋賀県彦根市野口町277-2,1150,20261003,1100,50
すき家,島根県,すき家 9号安来店,島根県安来市黒井田町452-17,1160,20261003,1100,60
すき家,京都府,すき家 9号亀岡篠町店,京都府亀岡市篠町野条上又13-1,1200,20261003,1150,50
すき家,京都府,すき家 9号亀岡千代川店,京都府亀岡市千代川町高野林西ノ畑15-5,1200,20261003,1150,50
すき家,島根県,すき家 9号江津店,島根県江津市二宮町神主ハ200-2,1180,20261003,1130,50
すき家,山口県,すき家 9号山口小郡店,山口県山口市小郡明治一丁目2番16号,1120,20261003,1080,40
すき家,島根県,すき家 9号松江西津田店,島根県松江市西津田5-1-11,1160,20261003,1100,60
すき家,島根県,すき家 9号大田店,島根県大田市長久町土江103-3,1200,20261003,1130,70
すき家,島根県,すき家 9号浜田店,島根県浜田市熱田町1418-1,1180,20261003,1130,50
すき家,京都府,すき家 9号福知山店,京都府福知山市駅南町3-139,1250,20261003,1220,30
すき家,兵庫県,すき家 JR神戸駅北店,兵庫県神戸市中央区多聞通2-4-4 神戸ブックローンビル東館1F,1230,20261003,1200,30
すき家,東京都,すき家 JR町田駅南口店,東京都町田市原町田1-2-6 第2ひろせビル1F,1310,20261003,1280,30
すき家,兵庫県,すき家 JR尼崎駅北口店,兵庫県尼崎市潮江1-3-43,1230,20261003,1210,20
すき家,神奈川,すき家 bono相模大野店,神奈川県相模原市南区相模大野3-3-2-203 bono相模大野,1300,20261003,1225,75
すき家,東京都,すき家 あきる野睦橋通り店,東京都あきる野市秋留2-1-5,1300,20261003,1250,50
すき家,沖縄県,すき家 うるま安慶名店,沖縄県うるま市安慶名1-4-10,1150,20261003,1100,50
すき家,沖縄県,すき家 うるま前原店,沖縄県うるま市前原169-4-3,1200,20261003,1150,50
すき家,栃木県,すき家 おもちゃのまち店,栃木県下都賀郡壬生町壬生丁210-3,1150,20261003,1130,20
すき家,神奈川,すき家 こどもの国店,神奈川県横浜市青葉区奈良5-4-13,1300,20261003,1250,50
すき家,埼玉県,すき家 さいたま宿店,埼玉県さいたま市桜区宿135-1,1230,20261003,1200,30
すき家,埼玉県,すき家 さいたま西堀店,埼玉県さいたま市桜区西堀8-4,1230,20261003,1200,30
すき家,埼玉県,すき家 さいたま太田窪店,埼玉県さいたま市緑区太田窪3-17-25,1230,20261003,1200,30
すき家,埼玉県,すき家 さいたま本郷町店,埼玉県さいたま市北区本郷町689-1,1280,20261003,1250,30
すき家,埼玉県,すき家 さいたま与野本町店,埼玉県さいたま市中央区鈴谷9-10-4,1230,20261003,1200,30
すき家,埼玉県,すき家 さいたま領家店,埼玉県さいたま市浦和区領家4-14-5,1230,20261003,1200,30
すき家,青森県,すき家 つがる柏店,青森県つがる市柏稲盛幾世121-1,1150,20261003,1100,50
すき家,茨城県,すき家 つくば学園西大通り店,茨城県つくば市筑穂1-5-7,1200,20261003,1150,50
すき家,茨城県,すき家 つくば松代店,茨城県つくば市松代1-6-4 ,1200,20261003,1150,50
すき家,茨城県,すき家 つくば上横場店,茨城県つくば市上横場2289-3,1200,20261003,1150,50
すき家,茨城県,すき家 つくば天久保店,茨城県つくば市天久保二丁目16-4 ,1200,20261003,1150,50
すき家,東京都,すき家 とうきょうスカイツリー駅前店,東京都墨田区業平1-18-12,1370,20261003,1320,50
すき家,東京都,すき家 ときわ台駅北口店,東京都板橋区常盤台2-6-5,1300,20261003,1280,20
すき家,大阪府,すき家 なにわ筋堀江店,大阪府大阪市西区南堀江2-1-1 EG堀江ビル1F,1350,20261003,1280,70
すき家,大阪府,すき家 なんば楽座店,大阪府大阪市中央区難波4-3-19,1330,20261003,1300,30
すき家,大阪府,すき家 なんば千日前店,大阪府大阪市中央区難波千日前11-20 遊企画ビル1階,1330,20261003,1300,30
すき家,大阪府,すき家 はびきの伊賀店,大阪府羽曳野市伊賀4-5-6,1250,20261003,1200,50
すき家,茨城県,すき家 ひたちなか昭和通り店,茨城県ひたちなか市中根3319-6 ,1220,20261003,1150,70
すき家,長崎県,すき家 みらい長崎ココウォーク店,長崎県長崎市茂里町1-55 みらい長崎ココウォーク3F,1120,20261003,1080,40
すき家,青森県,すき家 むつ中央店,青森県むつ市中央2-9-1,1200,20261003,1150,50
すき家,島根県,すき家 ゆめタウン出雲店,島根県出雲市大塚町650-1,1200,20261003,1130,70
すき家,東京都,すき家 アキバ田代通り店,東京都千代田区外神田4-5-8 松孝商事ビル1F,1400,20261003,1350,50
すき家,岐阜県,すき家 アクアウォーク大垣店,岐阜県大垣市林町6-80-21,1180,20261003,1130,50
すき家,神奈川,すき家 アクロスプラザ湯河原店,神奈川県足柄下郡湯河原町中央1-1617-54,1300,20261003,1225,75
すき家,三重県,すき家 アクロスプラザ鈴鹿店,三重県鈴鹿市庄野共進2-7-12,1180,20261003,1100,80
すき家,長野県,すき家 アリオ上田店,長野県上田市天神3-5-1 アリオ上田フードコート2F,1200,20261003,1150,50
すき家,茨城県,すき家 イーアスつくば店,茨城県つくば市研究学園5-19 イーアスつくばショッピングセンター3F,1200,20261003,1150,50
すき家,宮城県,すき家 イオンタウン佐沼店,宮城県登米市南方町新島前46-1,1150,20261003,1100,50
すき家,兵庫県,すき家 イオンタウン太子店,兵庫県揖保郡太子町東出262-1,1230,20261003,1180,50
すき家,北海道,すき家 イオンモール旭川西店,北海道旭川市緑町23-2161-3,1250,20261003,1200,50
すき家,香川県,すき家 イオンモール綾川店,香川県綾歌郡綾川町萱原822-1 イオン綾川ショッピングセンター3F,1200,20261003,1180,20
すき家,大阪府,すき家 イオンモール茨木店,大阪府茨木市松ヶ本町8-30-3 イオン茨木店1F,1250,20261003,1230,20
すき家,埼玉県,すき家 イオンモール浦和美園店,埼玉県さいたま市緑区美園5-50-1 イオンモール浦和美園3F,1250,20261003,1230,20
すき家,茨城県,すき家 イオンモール下妻店,茨城県下妻市堀篭972-1,1200,20261003,1150,50
すき家,三重県,すき家 イオンモール桑名店,三重県桑名市新西方1-22 イオンモール桑名1F,1200,20261003,1180,20
すき家,京都府,すき家 イオンモール高の原店,京都府木津川市相楽台1-1-1,1200,20261003,1180,20
すき家,秋田県,すき家 イオンモール秋田店,秋田県秋田市御所野地蔵田1-1-1,1180,20261003,1150,30
すき家,新潟県,すき家 イオンモール新潟亀田インター店,新潟県新潟市江南区下早通柳田1-1-1,1220,20261003,1150,70
すき家,鳥取県,すき家 イオンモール鳥取北店,鳥取県鳥取市晩稲348,1150,20261003,1070,80
すき家,岡山県,すき家 イオンモール津山インター店,岡山県津山市河辺1000-1 ,1200,20261003,1150,50
すき家,茨城県,すき家 イオンモール土浦店,茨城県土浦市上高津367 イオンモール土浦ショッピングセンター3F,1250,20261003,1200,50
すき家,鳥取県,すき家 イオンモール日吉津店,鳥取県西伯郡日吉津村日吉津1160-1,1150,20261003,1100,50
すき家,千葉県,すき家 イオンモール柏店,千葉県柏市豊町2-5-25 イオンモール柏2F,1250,20261003,1200,50
すき家,千葉県,すき家 イオンモール八千代緑が丘店,千葉県八千代市緑が丘2-1-3 ,1250,20261003,1200,50
すき家,北海道,すき家 イオンモール発寒店,北海道札幌市西区発寒八条12-1-1,1250,20261003,1200,50
すき家,福岡県,すき家 イオンモール福津店,福岡県福津市日蒔野6-16-1 イオンモール福津3F,1140,20261003,1100,40
すき家,島根県,すき家 イオン松江店,島根県松江市東朝日町151,1200,20261003,1120,80
すき家,千葉県,すき家 イオン千葉NT店,千葉県印西市中央北3-2,1250,20261003,1230,20
すき家,沖縄県,すき家 イオン那覇店,沖縄県那覇市金城5-10-2 イオン那覇1F,1160,20261003,1100,60
すき家,東京都,すき家 イトーヨーカドー国領店,東京都調布市国領町8-2-64 イトーヨーカドー国領店1F,1320,20261003,1300,20
すき家,埼玉県,すき家 イトーヨーカドー三郷店,埼玉県三郷市ピアラシティ1-1-1 イトーヨーカドー三郷1F,1230,20261003,1200,30
すき家,東京都,すき家 ウィラ大井店,東京都品川区勝島1-6-16,1450,20261003,1400,50
すき家,東京都,すき家 グリナード永山店,東京都多摩市永山1-4 グリナード永山1F,1300,20261003,1250,50
すき家,愛知県,すき家 サカエチカ店,愛知県名古屋市中区栄3-4-6 先路下の地下街路付設 北第1号,1280,20261003,1250,30
すき家,東京都,すき家 サンライズ蒲田店,東京都大田区西蒲田7-51-2 ベルコーサ1F,1350,20261003,1300,50
すき家,福島県,すき家 ザ・モール郡山店,福島県郡山市長者1-1-56,1110,20261003,1040,70
すき家,東京都,すき家 ジョイフル本田瑞穂店,東京都西多摩郡瑞穂町殿ヶ谷442,1300,20261003,1250,50
すき家,群馬県,すき家 スマーク伊勢崎店,群馬県伊勢崎市西小保方町368,1200,20261003,1150,50
すき家,神奈川,すき家 センター北店,神奈川県横浜市都筑区牛久保東1-32-1,1320,20261003,1300,20
すき家,愛知県,すき家 セントラルパーク店,愛知県名古屋市中区錦3-15-13先 セントラルパーク地下街内,1300,20261003,1250,50
すき家,千葉県,すき家 ニッケコルトンプラザ店,千葉県市川市鬼高1-1-1,1250,20261003,1200,50
すき家,東京都,すき家 ハッピーロード大山店,東京都板橋区大山町24-10 常陸ビル1F,1330,20261003,1280,50
すき家,神奈川,すき家 ビーンズ武蔵中原店,神奈川県川崎市中原区上小田中4丁目2番1号 109区画,1380,20261003,1360,20
すき家,神奈川,すき家 ビアレ横浜並木店,神奈川県横浜市金沢区並木2-13-7,1360,20261003,1320,40
すき家,宮城県,すき家 フォレオせんだい宮の杜店,宮城県仙台市宮城野区東仙台4-14-3,1150,20261003,1100,50
すき家,和歌山,すき家 フォレストモール岩出店,和歌山県岩出市中迫147,1170,20261003,1150,20
すき家,山梨県,すき家 フォレストモール富士川店,山梨県南巨摩郡富士川町青柳町973-1,1250,20261003,1200,50
すき家,東京都,すき家 フレスポ若葉台店,東京都稲城市若葉台2-1-1,1300,20261003,1280,20
すき家,静岡県,すき家 ベイドリーム清水店,静岡県静岡市清水区駒越北町8-3,1180,20261003,1150,30
すき家,山梨県,すき家 ベル河口湖店,山梨県南都留郡富士河口湖町船津2986,1350,20261003,1300,50
すき家,岡山県,すき家 ポルカ高梁店,岡山県高梁市中原町1079-1,1150,20261003,1050,100
すき家,埼玉県,すき家 モラージュ菖蒲店,埼玉県久喜市菖蒲町菖蒲6005-1,1300,20261003,1250,50
すき家,岐阜県,すき家 モレラ岐阜店,岐阜県本巣市三橋1100,1180,20261003,1130,50
すき家,千葉県,すき家 ライフガーデン新浦安店,千葉県浦安市富岡3-2-1,1330,20261003,1300,30
すき家,福岡県,すき家 ライフガーデン水巻店,福岡県遠賀郡水巻町樋口3番2号,1130,20261003,1070,60
すき家,徳島県,すき家 阿南富岡店,徳島県阿南市富岡町10-1,1180,20261003,1120,60
すき家,徳島県,すき家 阿波吉野店,徳島県阿波市吉野町柿原153-1,1160,20261003,1080,80
すき家,大阪府,すき家 阿波座店,大阪府大阪市西区立売堀2-4-6 DGビルなにわ筋1F,1330,20261003,1300,30
すき家,大阪府,すき家 阿倍野店,大阪府大阪市阿倍野区阿倍野筋2-4-49 アベニューホール1F,1300,20261003,1250,50
すき家,神奈川,すき家 愛川中津店,神奈川県愛甲郡愛川町中津160-1,1300,20261003,1250,50
すき家,愛知県,すき家 愛知学院大学前店,愛知県長久手市長配2-601,1210,20261003,1150,60
すき家,愛知県,すき家 愛知工業大学店,愛知県豊田市八草町八千草1247,1230,20261003,1150,80
すき家,愛知県,すき家 愛知大学店,愛知県名古屋市中村区平池町4-60-6,1230,20261003,1200,30
すき家,北海道,すき家 旭川永山店,北海道旭川市永山六条5-77-54,1250,20261003,1200,50
すき家,北海道,すき家 旭川神居店,北海道旭川市神居2条1-1-17,1250,20261003,1200,50
すき家,北海道,すき家 旭川豊岡店,北海道旭川市豊岡十四条6-8-15,1250,20261003,1200,50
すき家,千葉県,すき家 旭店,千葉県旭市二字宮前1684-1,1250,20261003,1230,20
すき家,東京都,すき家 綾瀬駅南店,東京都葛飾区小菅4-10-2,1330,20261003,1280,50
すき家,広島県,すき家 安芸熊野店,広島県安芸郡熊野町平谷三丁目1番205,1180,20261003,1120,60
すき家,愛知県,すき家 安城桜井店,愛知県安城市桜井町山ノ寺61-3,1230,20261003,1180,50
すき家,愛知県,すき家 安城篠目店,愛知県安城市篠目町竜田87-7,1250,20261003,1200,50
すき家,愛知県,すき家 安城城南店,愛知県安城市城南町1-2-1,1250,20261003,1200,50
すき家,愛知県,すき家 安城緑町店,愛知県安城市緑町1-17-8,1250,20261003,1180,70
すき家,群馬県,すき家 安中店,群馬県安中市中宿1丁目字石合891-1,1200,20261003,1150,50
すき家,長野県,すき家 安曇野IC店,長野県安曇野市豊科南穂高148−2,1350,20261003,1300,50
すき家,三重県,すき家 伊賀上野店,三重県伊賀市平野中川原484-1,1250,20261003,1200,50
すき家,神奈川,すき家 伊勢原歌川店,神奈川県伊勢原市歌川1-3-11,1300,20261003,1225,75
すき家,神奈川,すき家 伊勢原桜台店,神奈川県伊勢原市桜台2-13-14,1300,20261003,1225,75
すき家,群馬県,すき家 伊勢崎フォリオ店,群馬県伊勢崎市安堀町1858-3,1200,20261003,1150,50
すき家,群馬県,すき家 伊勢崎除ヶ町店,群馬県伊勢崎市除ヶ町324-1,1170,20261003,1150,20
すき家,群馬県,すき家 伊勢崎上諏訪店,群馬県伊勢崎市上諏訪町1523-14,1200,20261003,1150,50
すき家,群馬県,すき家 伊勢崎連取店,群馬県伊勢崎市群馬県伊勢崎市連取元町213-4 ,1200,20261003,1150,50
すき家,三重県,すき家 伊勢上地店,三重県伊勢市上地町字茂田1051番 ,1220,20261003,1150,70
すき家,三重県,すき家 伊勢西IC店,三重県伊勢市勢田町419-6,1220,20261003,1150,70
すき家,福島県,すき家 伊達保原店,福島県伊達市保原町字市柳町7-1,1180,20261003,1130,50
すき家,兵庫県,すき家 伊丹瑞穂店,兵庫県伊丹市瑞穂町2-21,1230,20261003,1180,50
すき家,兵庫県,すき家 伊丹野間店,兵庫県伊丹市南野北5-3-28,1200,20261003,1180,20
すき家,静岡県,すき家 伊東桜木店,静岡県伊東市桜木町1-3-18,1250,20261003,1200,50
すき家,東京都,すき家 井ノ頭通り吉祥寺店,東京都武蔵野市吉祥寺南町3-33-3,1400,20261003,1350,50
すき家,岩手県,すき家 一関山目店,岩手県一関市山目字寺前46-1,1150,20261003,1120,30
すき家,愛知県,すき家 一宮駅前店,愛知県一宮市栄3-7-1 石照ビル1F,1230,20261003,1150,80
すき家,愛知県,すき家 一宮中島通店,愛知県一宮市中島通1-32-2,1200,20261003,1150,50
すき家,愛知県,すき家 一宮妙興寺店,愛知県一宮市宮地2-13-4,1200,20261003,1150,50
すき家,愛知県,すき家 一宮木曽川店,愛知県一宮市一宮市木曽川町大字外割田四の通り94番1 ,1230,20261003,1150,80
すき家,東京都,すき家 一之江駅前店,東京都江戸川区一之江3-2-14,1330,20261003,1280,50
すき家,東京都,すき家 稲荷町駅前店,東京都台東区東上野5-1-4,1400,20261003,1350,50
すき家,東京都,すき家 稲城矢野口店,東京都稲城市矢野口323-7,1310,20261003,1280,30
すき家,愛知県,すき家 稲沢小池店,愛知県稲沢市小池3-10-25,1210,20261003,1150,60
すき家,茨城県,すき家 稲敷江戸崎店,茨城県稲敷市江戸崎甲2141-3,1150,20261003,1100,50
すき家,千葉県,すき家 稲毛駅西口店,千葉県千葉市稲毛区稲毛東3-19-18 能瀬ビル1F,1230,20261003,1150,80
すき家,大阪府,すき家 茨木IC店,大阪府茨木市郡4-11-36,1250,20261003,1230,20
すき家,大阪府,すき家 茨木中穂積店,大阪府茨木市中穂積2-10-8,1250,20261003,1230,20
すき家,千葉県,すき家 印西BP店,千葉県印西市竹袋623-1,1250,20261003,1230,20
すき家,千葉県,すき家 印西西の原店,千葉県印西市草深字天王前1048-7,1250,20261003,1230,20
すき家,京都府,すき家 宇治東IC店,京都府宇治市菟道西隼上り1-26,1200,20261003,1150,50
すき家,栃木県,すき家 宇都宮ゆいの杜店,栃木県宇都宮市ゆいの杜5-8-9 ,1250,20261003,1200,50
すき家,栃木県,すき家 宇都宮インターパーク店,栃木県宇都宮市インターパーク6-5-2,1300,20261003,1250,50
すき家,山口県,すき家 宇部神原店,山口県宇部市神原町2丁目1番15号,1150,20261003,1050,100
すき家,京都府,すき家 烏丸押小路店,京都府京都市中京区烏丸御池上ル二条殿町538 ヤサカ烏丸御池ビル1F,1200,20261003,1150,50
すき家,京都府,すき家 烏丸丸太町店,京都府京都市中京区烏丸丸太町下る大倉町201,1200,20261003,1150,50
すき家,京都府,すき家 烏丸七条店,京都府京都市下京区七条通烏丸東入真苧屋町197 ブーケガルニ1F,1250,20261003,1200,50
すき家,石川県,すき家 羽咋石野町店,石川県羽咋市石野町イ54-1,1350,20261003,1300,50
すき家,埼玉県,すき家 羽生店,埼玉県羽生市南6丁目21-2,1250,20261003,1200,50
すき家,岐阜県,すき家 羽島竹鼻店,岐阜県羽島市竹鼻町丸の内4-70,1180,20261003,1150,30
すき家,東京都,すき家 鵜の木駅前店,東京都大田区鵜の木2-15-2 山口ビル1F,1350,20261003,1300,50
すき家,千葉県,すき家 浦安駅前店,千葉県浦安市猫実4-18-26 浦安サンライズビル1F,1330,20261003,1310,20
すき家,千葉県,すき家 浦安堀江店,千葉県浦安市堀江6-4-29 メゾン浦安1F,1280,20261003,1250,30
すき家,埼玉県,すき家 浦和桜田店,埼玉県さいたま市桜区桜田3-1-16,1230,20261003,1200,30
すき家,埼玉県,すき家 浦和仲町店,埼玉県さいたま市浦和区仲町1-4-12 誠志堂ビル1F,1230,20261003,1200,30
すき家,東京都,すき家 荏原町駅前店,東京都品川区中延5-3-10,1350,20261003,1300,50
すき家,愛知県,すき家 栄三丁目店,愛知県名古屋市中区栄3-8-32 山田ビル,1250,20261003,1200,50
すき家,東京都,すき家 永福町駅前店,東京都杉並区永福2-51-13,1370,20261003,1320,50
すき家,福井県,すき家 越前押田店,福井県越前市押田2-1-1,1280,20261003,1200,80
すき家,埼玉県,すき家 越谷花田店,埼玉県越谷市花田2-33-1,1250,20261003,1200,50
すき家,埼玉県,すき家 越谷相模町店,埼玉県越谷市相模町1-233-1,1250,20261003,1200,50
すき家,京都府,すき家 円町店,京都府京都市中京区西ノ京円町23 円町杉本ビル1F,1200,20261003,1150,50
すき家,新潟県,すき家 燕三条店,新潟県三条市下須頃字八枚田241-1,1180,20261003,1100,80
すき家,長野県,すき家 塩尻志学館高校前店,長野県塩尻市広丘高出1486-230,1220,20261003,1170,50
すき家,宮城県,すき家 塩竈北浜店,宮城県塩竈市北浜1-13-30,1150,20261003,1100,50
すき家,秋田県,すき家 横手IC店,秋田県横手市安田向田173-3,1120,20261003,1050,70
すき家,神奈川,すき家 横須賀衣笠店,神奈川県横須賀市衣笠町43-17,1320,20261003,1280,40
すき家,神奈川,すき家 横須賀中央店,神奈川県横須賀市若松町1-4 味ビル1F,1300,20261003,1280,20
すき家,神奈川,すき家 横須賀野比店,神奈川県横須賀市野比1-4-25,1300,20261003,1250,50
すき家,神奈川,すき家 横浜アリーナ前店,神奈川県横浜市港北区新横浜3-17-20 ヒューマンハイム新横浜,1330,20261003,1300,30
すき家,神奈川,すき家 横浜羽衣町店,神奈川県横浜市中区羽衣町2-8-5 ホテルα-1横浜関内1F,1320,20261003,1300,20
すき家,神奈川,すき家 横浜羽沢店,神奈川県横浜市神奈川区羽沢町1566-1,1300,20261003,1260,40
すき家,神奈川,すき家 横浜笠間店,神奈川県横浜市栄区笠間5-33-26,1320,20261003,1250,70
すき家,神奈川,すき家 横浜橋店,神奈川県横浜市南区万世町1-19,1300,20261003,1250,50
すき家,神奈川,すき家 横浜山下町店,神奈川県横浜市中区山下町195-3 ,1320,20261003,1300,20
すき家,神奈川,すき家 横浜上郷店,神奈川県横浜市栄区上郷町199-1,1320,20261003,1250,70
すき家,神奈川,すき家 横浜善部町店,神奈川県横浜市旭区善部町16-1,1300,20261003,1225,75
すき家,神奈川,すき家 横浜都岡店,神奈川県横浜市旭区都岡町41-13 ,1300,20261003,1280,20
すき家,神奈川,すき家 横浜日野中央店,神奈川県横浜市港南区日野中央2-42-1,1350,20261003,1300,50
すき家,神奈川,すき家 横浜平沼店,神奈川県横浜市西区平沼1-4-28 横浜藤和ビル1F,1330,20261003,1300,30
すき家,神奈川,すき家 横浜片倉店,神奈川県横浜市神奈川区片倉1-8-6,1300,20261003,1280,20
すき家,神奈川,すき家 横浜北幸店,神奈川県横浜市西区北幸2-10-50 北幸山田ビル1F,1380,20261003,1360,20
すき家,愛知県,すき家 岡崎鴨田店,愛知県岡崎市鴨田町字広元146,1250,20261003,1200,50
すき家,愛知県,すき家 岡崎戸崎新町店,愛知県岡崎市戸崎新町2-1 ,1280,20261003,1250,30
すき家,愛知県,すき家 岡崎西大友店,愛知県岡崎市西大友町字杭穴92番地1,1230,20261003,1200,30
すき家,愛知県,すき家 岡崎法性寺店,愛知県岡崎市法性寺町字柳之内36番1、37番1 ,1280,20261003,1230,50
すき家,愛知県,すき家 岡崎緑丘店,愛知県岡崎市緑丘2-15-21,1230,20261003,1200,30
すき家,岡山県,すき家 岡山原尾島店,岡山県岡山市中区原尾島一丁目5番46号,1150,20261003,1080,70
すき家,岡山県,すき家 岡山新保店,岡山県岡山市南区新保395-1,1170,20261003,1100,70
すき家,岡山県,すき家 岡山瀬戸店,岡山県岡山市東区瀬戸町沖120-1,1150,20261003,1080,70
すき家,岡山県,すき家 岡山西大寺店,岡山県岡山市東区松新町3-1,1170,20261003,1100,70
すき家,岡山県,すき家 岡山大学前店,岡山県岡山市北区学南町2-811-1 メゾン仏蘭西1F,1150,20261003,1080,70
すき家,岡山県,すき家 岡山福田店,岡山県岡山市南区福田229-1,1170,20261003,1100,70
すき家,岡山県,すき家 岡山妹尾店,岡山県岡山市南区妹尾2342-1,1170,20261003,1150,20
すき家,岡山県,すき家 岡山野田店,岡山県岡山市北区野田3-17-1,1170,20261003,1100,70
すき家,長野県,すき家 岡谷若宮店,長野県岡谷市若宮2-5-2,1280,20261003,1220,60
すき家,東京都,すき家 荻窪駅西口店,東京都杉並区荻窪5-26-11 マチダビル1F,1330,20261003,1280,50
すき家,東京都,すき家 荻窪三丁目店,東京都杉並区荻窪3-47-23,1330,20261003,1280,50
すき家,埼玉県,すき家 桶川下日出谷店,埼玉県桶川市下日出谷西3-3-2,1280,20261003,1200,80
すき家,埼玉県,すき家 桶川加納店,埼玉県桶川市加納2149-1,1250,20261003,1200,50
すき家,山口県,すき家 下関赤間店,山口県下関市赤間町3-35,1120,20261003,1050,70
すき家,山口県,すき家 下関稗田西町店,山口県下関市稗田西町10-13,1120,20261003,1050,70
すき家,東京都,すき家 下石神井店,東京都練馬区下石神井5-16-3,1330,20261003,1280,50
すき家,東京都,すき家 下赤塚駅前店,東京都板橋区赤塚新町1-23-5 プロスパービル上野1F,1330,20261003,1280,50
すき家,東京都,すき家 下北沢店,東京都世田谷区北沢2丁目12-7 大町ビル,1350,20261003,1300,50
すき家,兵庫県,すき家 加古川東神吉店,兵庫県加古川市東神吉町西井ノ口284-1,1230,20261003,1180,50
すき家,兵庫県,すき家 加古川平岡町店,兵庫県加古川市平岡町新在家418-2,1230,20261003,1180,50
すき家,埼玉県,すき家 加須南大桑店,埼玉県加須市南大桑2877-1,1250,20261003,1200,50
すき家,兵庫県,すき家 加東上中店,兵庫県加東市上中203番地1,1250,20261003,1180,70
すき家,岐阜県,すき家 可児下恵土店,岐阜県可児市下恵土字広瀬5890-1-1,1180,20261003,1100,80
すき家,京都府,すき家 河原町三条店,京都府京都市中京区河原町三条上ル恵比須町432,1200,20261003,1150,50
すき家,埼玉県,すき家 花園IC店,埼玉県深谷市荒川字天神174 ,1250,20261003,1200,50
すき家,岩手県,すき家 花巻上小舟渡店,岩手県花巻市上小舟渡218-2,1150,20261003,1080,70
すき家,東京都,すき家 花小金井駅北口店,東京都小平市花小金井1-9-18 花小金井第一ビル1F,1310,20261003,1280,30
すき家,千葉県,すき家 我孫子寿店,千葉県我孫子市寿2-14-24,1230,20261003,1200,30
すき家,福島県,すき家 会津若松山見店,福島県会津若松市山見1丁目9番1 ,1130,20261003,1100,30
すき家,福島県,すき家 会津門田店,福島県会津若松市飯寺北三丁目14番12号,1150,20261003,1100,50
すき家,神奈川,すき家 海老名さがみ野店,神奈川県海老名市東柏ヶ谷6-21-20,1300,20261003,1225,75
すき家,神奈川,すき家 海老名河原口店,神奈川県海老名市河原口5-4-28,1300,20261003,1275,25
すき家,神奈川,すき家 海老名上河内店,神奈川県海老名市上河内297-3,1300,20261003,1270,30
すき家,神奈川,すき家 開成店,神奈川県足柄上郡開成町吉田島783-1,1300,20261003,1225,75
すき家,大阪府,すき家 貝塚北町店,大阪府貝塚市北町17-15,1250,20261003,1200,50
すき家,岐阜県,すき家 各務原蘇原店,岐阜県各務原市蘇原瑞穂町2-62-1,1180,20261003,1150,30
すき家,静岡県,すき家 掛川城西店,静岡県掛川市城西2-10-3,1230,20261003,1200,30
すき家,茨城県,すき家 笠間店,茨城県笠間市笠間487-1,1200,20261003,1150,50
すき家,茨城県,すき家 笠間友部店,茨城県笠間市旭町427-2,1200,20261003,1150,50
すき家,群馬県,すき家 笠懸阿左美店,群馬県みどり市笠懸町阿左美630-2,1200,20261003,1150,50
すき家,愛知県,すき家 笠寺店,愛知県名古屋市南区千竃通4-20-1,1250,20261003,1200,50
すき家,富山県,すき家 滑川柳原店,富山県滑川市柳原59-14,1280,20261003,1200,80
すき家,東京都,すき家 葛飾亀有一丁目店,東京都葛飾区亀有1-14-5,1330,20261003,1280,50
すき家,東京都,すき家 葛飾柴又店,東京都葛飾区柴又5-9-1,1330,20261003,1280,50
すき家,東京都,すき家 葛飾東新小岩店,東京都葛飾区東新小岩2-2-8,1350,20261003,1300,50
すき家,東京都,すき家 葛飾南水元店,東京都葛飾区南水元2-30-5,1330,20261003,1280,50
すき家,愛知県,すき家 蒲郡栄町店,愛知県蒲郡市栄町9-41,1230,20261003,1200,30
すき家,愛知県,すき家 蒲郡三谷北通店,愛知県蒲郡市三谷北通2-122,1250,20261003,1200,50
すき家,大阪府,すき家 蒲生四丁目店,大阪府大阪市城東区蒲生4-21-8,1280,20261003,1250,30
すき家,岩手県,すき家 釜石店,岩手県釜石市松原町二丁目2番8号,1180,20261003,1150,30
すき家,神奈川,すき家 釜利谷店,神奈川県横浜市金沢区釜利谷東4-53-11,1300,20261003,1225,75
すき家,千葉県,すき家 鎌ヶ谷初富店,千葉県鎌ケ谷市新鎌ヶ谷2-1-14,1230,20261003,1200,30
すき家,神奈川,すき家 鴨居駅北口店,神奈川県横浜市緑区鴨居1-15-13,1300,20261003,1225,75
すき家,東京都,すき家 茅場町駅前店,東京都中央区日本橋茅場町1丁目10番5号 エスエフ茅場町ビル1階,1400,20261003,1350,50
すき家,愛知県,すき家 刈谷一里山店,愛知県刈谷市一里山町伐払39-1 ,1250,20261003,1200,50
すき家,愛知県,すき家 刈谷店,愛知県刈谷市一ツ木町4-1-8,1300,20261003,1230,70
すき家,愛知県,すき家 刈谷東陽店,愛知県刈谷市東陽町2-24,1300,20261003,1250,50
すき家,福岡県,すき家 苅田店,福岡県京都郡苅田町尾倉1-3-1,1130,20261003,1100,30
すき家,神奈川,すき家 寒川宮山店,神奈川県高座郡寒川町宮山3460-1,1300,20261003,1225,75
すき家,神奈川,すき家 寒川田端店,神奈川県高座郡寒川町田端1445-1,1300,20261003,1250,50
すき家,東京都,すき家 環七山王店,東京都大田区山王4-12-4,1350,20261003,1300,50
すき家,東京都,すき家 環七西新井店,東京都足立区西新井本町2-2-25,1330,20261003,1280,50
すき家,東京都,すき家 環七平和島店,東京都大田区大森本町2-30-2 プレール大森EAST101号,1350,20261003,1300,50
すき家,神奈川,すき家 環状4号泉区和泉店,神奈川県横浜市泉区下和泉1-4-3,1310,20261003,1250,60
すき家,東京都,すき家 環八蒲田四丁目店,東京都大田区蒲田4-42-12 新生ビル1F,1350,20261003,1300,50
すき家,東京都,すき家 環八穴守稲荷店,東京都大田区羽田4-3-3 ,1400,20261003,1350,50
すき家,東京都,すき家 環八高井戸店,東京都杉並区高井戸西1-1-28,1320,20261003,1300,20
すき家,東京都,すき家 環八矢口渡店,東京都大田区多摩川1-7-11 榎本ビル1F,1350,20261003,1300,50
すき家,大阪府,すき家 関西国際空港店,大阪府泉佐野市泉州空港北1番地 関西国際空港第1ターミナル2階,1380,20261003,1300,80
すき家,神奈川,すき家 関内店,神奈川県横浜市中区翁町1-4-14 浜吉ビル1F,1320,20261003,1300,20
すき家,岐阜県,すき家 関平賀店,岐阜県関市市平賀字岩下394-1,1150,20261003,1100,50
すき家,大阪府,すき家 関目店,大阪府大阪市城東区成育2-13-15 アイビーマンション1F,1280,20261003,1250,30
すき家,岐阜県,すき家 関雄飛ヶ丘店,岐阜県関市雄飛ヶ丘39-1,1150,20261003,1100,50
すき家,千葉県,すき家 館山店,千葉県館山市安布里190-2,1250,20261003,1200,50
すき家,群馬県,すき家 館林松原店,群馬県館林市松原一丁目22番4号,1170,20261003,1120,50
すき家,群馬県,すき家 館林緑町店,群馬県館林市緑町1-30-19,1170,20261003,1120,50
すき家,香川県,すき家 丸亀田村店,香川県丸亀市田村町字平池795-2,1170,20261003,1140,30
すき家,香川県,すき家 丸亀土器店,香川県丸亀市土器町東8-11,1180,20261003,1120,60
すき家,大阪府,すき家 岸和田磯上店,大阪府岸和田市磯上町4-23-25,1250,20261003,1200,50
すき家,大阪府,すき家 岸和田和泉IC北店,大阪府岸和田市田治米町343-1,1250,20261003,1200,50
すき家,茨城県,すき家 岩井店,茨城県坂東市大字岩井字新畑4298-1,1230,20261003,1200,30
すき家,宮城県,すき家 岩沼中央店,宮城県岩沼市桜3-12-15,1150,20261003,1100,50
すき家,埼玉県,すき家 岩槻駅前店,埼玉県さいたま市岩槻区本町1-3-3 吉田ビル1F,1250,20261003,1200,50
すき家,埼玉県,すき家 岩槻城北東店,埼玉県さいたま市岩槻区上野1-20-5,1250,20261003,1230,20
すき家,埼玉県,すき家 岩槻太田店,埼玉県さいたま市岩槻区太田2丁目2番17号,1250,20261003,1230,20
すき家,岐阜県,すき家 岐阜菊水店,岐阜県岐阜市菊水町1丁目1-1 ,1180,20261003,1150,30
すき家,岐阜県,すき家 岐阜正木店,岐阜県岐阜市正木南2-1-38,1180,20261003,1130,50
すき家,岐阜県,すき家 岐阜南鶉店,岐阜県岐阜市南鶉5-18-1,1180,20261003,1130,50
すき家,岐阜県,すき家 岐阜入舟店,岐阜県岐阜市入舟町4-19,1180,20261003,1150,30
すき家,岐阜県,すき家 岐阜北方店,岐阜県本巣郡北方町平成4-4-1,1180,20261003,1150,30
すき家,岐阜県,すき家 岐阜本荘店,岐阜県岐阜市鹿島町6-3-2,1180,20261003,1130,50
すき家,東京都,すき家 亀戸駅北口店,東京都江東区亀戸2-22-10 カトウビル1F,1370,20261003,1320,50
すき家,三重県,すき家 亀山ハイウェイオアシス店,三重県亀山市布気町字高塚793-1 東名阪自動車道亀山HW内,1220,20261003,1180,40
すき家,新潟県,すき家 亀田店,新潟県新潟市江南区早苗2-248-1,1160,20261003,1100,60
すき家,静岡県,すき家 菊川加茂店,静岡県菊川市加茂2659,1250,20261003,1200,50
すき家,京都府,すき家 吉祥院八条通店,京都府京都市南区吉祥院西ノ庄西中町1,1250,20261003,1200,50
すき家,東京都,すき家 吉祥寺南店,東京都武蔵野市吉祥寺南町1-11-1,1400,20261003,1350,50
すき家,埼玉県,すき家 吉川栄店,埼玉県吉川市栄834-1,1250,20261003,1200,50
すき家,神奈川,すき家 吉野町店,神奈川県横浜市南区吉野町5-22-17 1F,1300,20261003,1250,50
すき家,埼玉県,すき家 久喜栗原店,埼玉県久喜市栗原2-2-5,1250,20261003,1200,50
すき家,岩手県,すき家 久慈店,岩手県久慈市長内町第37地割1番18,1120,20261003,1050,70
すき家,東京都,すき家 久米川駅前店,東京都東村山市栄町2-9-32 晃正プラザビル1F,1300,20261003,1250,50
すき家,福岡県,すき家 久留米国分店,福岡県久留米市国分町字御供田1604-7,1150,20261003,1080,70
すき家,埼玉県,すき家 宮原駅東口店,埼玉県さいたま市北区宮原町3-321 杉ビル・2 1F,1280,20261003,1250,30
すき家,宮崎県,すき家 宮崎郡司分店,宮崎県宮崎市宮崎市大字郡司分甲1049番2 ,1180,20261003,1130,50
すき家,宮崎県,すき家 宮崎新別府店,宮崎県宮崎市新別府町山宮986-6,1180,20261003,1130,50
すき家,宮崎県,すき家 宮崎大島店,宮崎県宮崎市大島町松ノ木下292-1,1180,20261003,1130,50
すき家,宮崎県,すき家 宮崎東大淀店,宮崎県宮崎市東大淀2-3-41,1130,20261003,1080,50
すき家,神奈川,すき家 宮前平店,神奈川県川崎市宮前区馬絹1-5-5 ソアールシーノ1F,1300,20261003,1250,50
すき家,茨城県,すき家 牛久中央店,茨城県牛久市牛久市中央5丁目10番2 ,1200,20261003,1150,50
すき家,富山県,すき家 魚津本江店,富山県魚津市本江字雲雀作2555-1,1350,20261003,1300,50
すき家,東京都,すき家 京王リトナード東府中店,東京都府中市清水ヶ丘1-8-3 京王リトナード東府中1F,1310,20261003,1270,40
すき家,神奈川,すき家 京王稲田堤駅前店,神奈川県川崎市多摩区菅3-1-1,1300,20261003,1250,50
すき家,東京都,すき家 京急蒲田駅前店,東京都大田区蒲田4丁目50番11号 ウィングキッチン京急蒲田1階205号,1350,20261003,1300,50
すき家,神奈川,すき家 京急久里浜駅前店,神奈川県横須賀市久里浜4-5-4,1280,20261003,1225,55
すき家,大阪府,すき家 京阪枚方市駅前店,大阪府枚方市岡本町3-4 N´sSquare1F,1250,20261003,1230,20
すき家,千葉県,すき家 京成船橋駅前店,千葉県船橋市本町一丁目9-9 パークタワー船橋1階104号,1230,20261003,1200,30
すき家,千葉県,すき家 京成大久保駅前店,千葉県習志野市大久保1-21-14 琴富ビル1F,1230,20261003,1200,30
すき家,千葉県,すき家 京成津田沼駅北店,千葉県習志野市津田沼3-9-3,1230,20261003,1200,30
すき家,京都府,すき家 京田辺興戸店,京都府京田辺市興戸犬伏32-1,1200,20261003,1150,50
すき家,京都府,すき家 京都外大前店,京都府京都市右京区西院東貝川町20,1200,20261003,1180,20
すき家,京都府,すき家 京都産業大学店,京都府京都市北区上賀茂本山459番地1,1200,20261003,1150,50
すき家,京都府,すき家 京都太秦店,京都府京都市右京区常盤東ノ町6-3,1200,20261003,1150,50
すき家,茨城県,すき家 境町上小橋店,茨城県猿島郡境町上小橋98-2,1220,20261003,1200,20
すき家,埼玉県,すき家 狭山広瀬店,埼玉県狭山市広瀬2-35-12,1250,20261003,1200,50
すき家,埼玉県,すき家 狭山富士見店,埼玉県狭山市富士見1-16-24,1250,20261003,1200,50
すき家,東京都,すき家 玉川学園駅前店,東京都町田市玉川学園7-5-2 ,1310,20261003,1280,30
すき家,大阪府,すき家 玉造駅前店,大阪府大阪市中央区玉造1-5-8 大倉ビル,1300,20261003,1250,50
すき家,群馬県,すき家 玉村上之手店,群馬県佐波郡玉村町大字上之手1628-2,1200,20261003,1130,70
すき家,兵庫県,すき家 玉津IC南店,兵庫県神戸市西区小山3-13-13,1250,20261003,1180,70
すき家,岡山県,すき家 玉野宇野店,岡山県玉野市宇野1-20-25,1170,20261003,1130,40
すき家,群馬県,すき家 桐生新宿店,群馬県桐生市新宿3-2-14,1200,20261003,1150,50
すき家,群馬県,すき家 桐生相生店,群馬県桐生市相生町2-489-1,1200,20261003,1150,50
すき家,東京都,すき家 錦糸公園前店,東京都墨田区太平3-4-8 グレイスMM1F,1370,20261003,1320,50
すき家,大阪府,すき家 近畿大学店,大阪府東大阪市新上小阪5-86 近畿大学Eキャンパス構内,1280,20261003,1230,50
すき家,滋賀県,すき家 近江八幡店,滋賀県近江八幡市白鳥町117-4,1200,20261003,1150,50
すき家,奈良県,すき家 近鉄奈良駅前店,奈良県奈良市中筋町6-1 奈良ラインハウス1F,1180,20261003,1150,30
すき家,神奈川,すき家 金港町店,神奈川県横浜市神奈川区金港町6-13 エムズ横浜,1320,20261003,1300,20
すき家,石川県,すき家 金沢駅西本町店,石川県金沢市駅西本町6-3-7,1280,20261003,1200,80
すき家,石川県,すき家 金沢元町店,石川県金沢市元町2丁目20番19号,1200,20261003,1150,50
すき家,石川県,すき家 金沢寺地店,石川県金沢市寺地1-32-28,1150,20261003,1100,50
すき家,石川県,すき家 金沢畝田店,石川県金沢市畝田中3-561,1270,20261003,1200,70
すき家,石川県,すき家 金沢増泉店,石川県金沢市増泉4-3-2,1200,20261003,1150,50
すき家,石川県,すき家 金沢大桑店,石川県金沢市大桑3-41,1280,20261003,1100,180
すき家,石川県,すき家 金沢田上店,石川県金沢市田上さくら三丁目122,1150,20261003,1100,50
すき家,神奈川,すき家 金沢文庫駅東口店,神奈川県横浜市金沢区谷津町384,1280,20261003,1225,55
すき家,長野県,すき家 駒ヶ根店,長野県駒ヶ根市上穂北64,1200,20261003,1150,50
すき家,神奈川,すき家 駒岡店,神奈川県横浜市鶴見区駒岡1-27-4,1320,20261003,1300,20
すき家,東京都,すき家 駒沢大学前店,東京都世田谷区駒沢1-20-4,1350,20261003,1300,50
すき家,北海道,すき家 釧路桜ヶ岡店,北海道釧路市桜ヶ岡1-9-21,1200,20261003,1150,50
すき家,埼玉県,すき家 熊谷BP店,埼玉県熊谷市上之4004-1,1280,20261003,1200,80
すき家,埼玉県,すき家 熊谷籠原店,埼玉県熊谷市拾六間763-1,1250,20261003,1200,50
すき家,熊本県,すき家 熊本月出店,熊本県熊本市東区月出5丁目2612-288 ,1150,20261003,1100,50
すき家,熊本県,すき家 熊本四方寄店,熊本県熊本市北区四方寄町508-6,1150,20261003,1080,70
すき家,熊本県,すき家 熊本秋津店,熊本県熊本市東区沼山津3-1-11,1150,20261003,1100,50
すき家,熊本県,すき家 熊本新市街店,熊本県熊本市中央区新市街7-25 第二新世界会館ビル1F,1150,20261003,1080,70
すき家,熊本県,すき家 熊本東BP店,熊本県熊本市東区下南部3-17-71,1150,20261003,1080,70
すき家,熊本県,すき家 熊本武蔵ケ丘店,熊本県熊本市北区武蔵ケ丘一丁目4-17,1150,20261003,1100,50
すき家,熊本県,すき家 熊本野中店,熊本県熊本市西区野中1-6-12,1180,20261003,1080,100
すき家,滋賀県,すき家 栗東大宝店,滋賀県栗東市霊仙寺3-8-32,1200,20261003,1150,50
すき家,三重県,すき家 桑名大仲新田店,三重県桑名市大仲新田屋敷319-119,1230,20261003,1200,30
すき家,千葉県,すき家 君津東坂田店,千葉県君津市東坂田2-3-13,1250,20261003,1200,50
すき家,群馬県,すき家 群馬吉井町店,群馬県高崎市吉井町池46-4,1200,20261003,1130,70
すき家,福島県,すき家 郡山富久山店,福島県郡山市富久山町久保田字太郎殿前2-12,1200,20261003,1180,20
すき家,福島県,すき家 郡山鳴神店,福島県郡山市鳴神3-238,1150,20261003,1080,70
すき家,北海道,すき家 恵庭京町店,北海道恵庭市京町66,1220,20261003,1200,20
すき家,茨城県,すき家 結城店,茨城県結城市大字結城9746-1,1200,20261003,1130,70
すき家,愛知県,すき家 犬山五郎丸店,愛知県犬山市五郎丸東3-7-1,1200,20261003,1150,50
すき家,東京都,すき家 原宿明治通り店,東京都渋谷区神宮前3-23-3 トリニティビル1F,1430,20261003,1380,50
すき家,茨城県,すき家 古河今泉店,茨城県古河市上辺見531-1 ,1200,20261003,1130,70
すき家,茨城県,すき家 古河坂間店,茨城県古河市坂間253-178,1200,20261003,1130,70
すき家,神奈川,すき家 戸塚駅西口店,神奈川県横浜市戸塚区戸塚町4080-1 LEON-K1F,1310,20261003,1225,85
すき家,神奈川,すき家 戸塚上倉田店,神奈川県横浜市戸塚区上倉田町1465-1,1310,20261003,1250,60
すき家,神奈川,すき家 戸塚南店,神奈川県横浜市戸塚区東俣野町1029-1,1310,20261003,1250,60
すき家,埼玉県,すき家 戸田駅前店,埼玉県戸田市新曽668-2,1250,20261003,1200,50
すき家,神奈川,すき家 戸部駅前店,神奈川県横浜市西区戸部本町50-25 ヴィラにしむら1F,1330,20261003,1300,30
すき家,三重県,すき家 菰野ミルクロード店,三重県三重郡菰野町宿野297-3,1250,20261003,1180,70
すき家,千葉県,すき家 五香駅前店,千葉県松戸市常盤平5-11-12,1280,20261003,1200,80
すき家,青森県,すき家 五所川原唐笠柳店,青森県五所川原市大字唐笠柳字藤巻521-8,1150,20261003,1100,50
すき家,新潟県,すき家 五泉東本町店,新潟県五泉市東本町2-78-1,1160,20261003,1100,60
すき家,東京都,すき家 五反野店,東京都足立区足立3-34-5 沼野ビル,1330,20261003,1280,50
すき家,埼玉県,すき家 五領町店,埼玉県東松山市五領町15-15,1250,20261003,1200,50
すき家,広島県,すき家 呉広店,広島県呉市広中町1-21,1180,20261003,1120,60
すき家,静岡県,すき家 御殿場店,静岡県御殿場市萩原809-2,1350,20261003,1300,50
すき家,東京都,すき家 御徒町駅南口店,東京都台東区上野5-27-2,1400,20261003,1350,50
すき家,大阪府,すき家 交野星田北店,大阪府交野市星田北3-37-4,1250,20261003,1230,20
すき家,神奈川,すき家 厚木長谷店,神奈川県厚木市長谷642-3,1300,20261003,1250,50
すき家,埼玉県,すき家 幸手店,埼玉県幸手市中2-12-35,1250,20261003,1200,50
すき家,広島県,すき家 広大前店,広島県東広島市西条下見5-1-7,1160,20261003,1090,70
すき家,広島県,すき家 広島温品店,広島県広島市東区温品5-9-3,1180,20261003,1120,60
すき家,広島県,すき家 広島観音店,広島県広島市西区南観音6-14-18,1250,20261003,1200,50
すき家,広島県,すき家 広島祇園店,広島県広島市安佐南区西原5-6-5,1180,20261003,1100,80
すき家,広島県,すき家 広島五月が丘店,広島県広島市佐伯区五月が丘五丁目7番18号,1180,20261003,1120,60
すき家,広島県,すき家 広島高取北店,広島県広島市安佐南区高取北1-2-32,1180,20261003,1100,80
すき家,広島県,すき家 広島商工センター店,広島県広島市西区商工センター8-2-49,1250,20261003,1180,70
すき家,広島県,すき家 広島新天地店,広島県広島市中区新天地5-3 ドン・キホーテ1F,1230,20261003,1150,80
すき家,広島県,すき家 広島深川店,広島県広島市安佐北区深川6-2-12,1180,20261003,1100,80
すき家,広島県,すき家 広島西風新都店,広島県広島市佐伯区石内北一丁目3-36,1180,20261003,1120,60
すき家,広島県,すき家 広島丹那店,広島県広島市南区丹那町5-10,1200,20261003,1120,80
すき家,広島県,すき家 広島八丁堀店,広島県広島市中区八丁堀1-8 八丁堀GRIT,1250,20261003,1150,100
すき家,広島県,すき家 広島堀越店,広島県広島市南区堀越2-3-7,1180,20261003,1120,60
すき家,青森県,すき家 弘前青山店,青森県弘前市大字青山5-28-1,1090,20261003,1050,40
すき家,青森県,すき家 弘前中央店,青森県弘前市大字大町3-1-4,1100,20261003,1030,70
すき家,青森県,すき家 弘前中野店,青森県弘前市中野2-1-6,1090,20261003,1030,60
すき家,東京都,すき家 江戸川興宮店,東京都江戸川区興宮町33-17,1330,20261003,1280,50
すき家,大阪府,すき家 江戸堀店,大阪府大阪市西区江戸堀1-24-15 タツト・肥後橋ビル1F,1350,20261003,1320,30
すき家,東京都,すき家 江東塩浜店,東京都江東区塩浜2-14-3,1350,20261003,1300,50
すき家,東京都,すき家 江東区役所前店,東京都江東区東陽4-10-7,1400,20261003,1350,50
すき家,東京都,すき家 江東新砂店,東京都江東区新砂3-2-6 SGHレジデンス新砂1F,1400,20261003,1350,50
すき家,東京都,すき家 江東千石店,東京都江東区千石2-9-9,1400,20261003,1350,50
すき家,愛知県,すき家 江南大間店,愛知県江南市大間町新町159-1,1200,20261003,1150,50
すき家,北海道,すき家 江別大麻店,北海道江別市江別市大麻ひかり町38番11 ,1250,20261003,1200,50
すき家,愛知県,すき家 港区小割通店,愛知県名古屋市港区小割通2-33,1210,20261003,1150,60
すき家,愛知県,すき家 港区甚兵衛通店,愛知県名古屋市港区甚兵衛通2-24-1,1210,20261003,1150,60
すき家,神奈川,すき家 港南台店,神奈川県横浜市港南区港南台4-3-1 ビーバービル1F,1280,20261003,1225,55
すき家,東京都,すき家 港南二丁目店,東京都港区港南2-4-7 石橋ビル1F,1450,20261003,1400,50
すき家,神奈川,すき家 港北小机店,神奈川県横浜市港北区小机町78-1,1320,20261003,1300,20
すき家,神奈川,すき家 港北箕輪町店,神奈川県横浜市港北区箕輪町2-5-5,1350,20261003,1300,50
すき家,山梨県,すき家 甲州塩山店,山梨県甲州市塩山下於曽1559-1,1280,20261003,1150,130
すき家,東京都,すき家 甲州街道柴崎店,東京都調布市菊野台1-47-1,1340,20261003,1300,40
すき家,兵庫県,すき家 甲南店,兵庫県神戸市東灘区甲南町3-8-16,1200,20261003,1180,20
すき家,山梨県,すき家 甲斐島上条店,山梨県甲斐市島上条207-1,1280,20261003,1220,60
すき家,山梨県,すき家 甲府アルプス通り店,山梨県中巨摩郡昭和町西条2707-1,1300,20261003,1250,50
すき家,山梨県,すき家 甲府国玉店,山梨県甲府市国玉町975-1,1280,20261003,1200,80
すき家,山梨県,すき家 甲府昭和店,山梨県中巨摩郡昭和町河西1201,1300,20261003,1250,50
すき家,神奈川,すき家 綱島駅西口店,神奈川県横浜市港北区綱島西1-10-10 第5吉田ビル1F,1350,20261003,1300,50
すき家,神奈川,すき家 綱島樽町店,神奈川県横浜市港北区樽町2-1-34,1320,20261003,1300,20
すき家,埼玉県,すき家 行田向町店,埼玉県行田市向町17-11,1250,20261003,1200,50
すき家,千葉県,すき家 行徳北店,千葉県市川市富浜3-2-24,1300,20261003,1250,50
すき家,大阪府,すき家 香里園駅前店,大阪府寝屋川市香里南之町20-23,1250,20261003,1230,20
すき家,東京都,すき家 高円寺駅南口店,東京都杉並区高円寺南4-45-2 メインロードビル1F,1350,20261003,1300,50
すき家,富山県,すき家 高岡熊野店,富山県高岡市熊野町5-30,1280,20261003,1200,80
すき家,富山県,すき家 高岡中曽根店,富山県高岡市中曽根290-3,1280,20261003,1200,80
すき家,栃木県,すき家 高根沢店,栃木県塩谷郡高根沢町宝石台3-14-7,1180,20261003,1130,50
すき家,兵庫県,すき家 高砂松陽店,兵庫県高砂市松陽1-7-15,1230,20261003,1180,50
すき家,群馬県,すき家 高崎IC店,群馬県高崎市島野町大岩996-1,1200,20261003,1150,50
すき家,群馬県,すき家 高崎上中居店,群馬県高崎市上中居町190-1,1200,20261003,1150,50
すき家,群馬県,すき家 高崎棟高店,群馬県高崎市棟高町1868-113,1200,20261003,1150,50
すき家,群馬県,すき家 高崎緑町店,群馬県高崎市緑町1-29-9,1200,20261003,1150,50
すき家,香川県,すき家 高松郷東店,香川県高松市郷東町483-1,1180,20261003,1120,60
すき家,香川県,すき家 高松寿町店,香川県高松市寿町1-4-3 高松中央通りビル1F,1200,20261003,1150,50
すき家,香川県,すき家 高松十川店,香川県高松市十川西町583-1,1180,20261003,1120,60
すき家,香川県,すき家 高松上天神店,香川県高松市上天神町217-1,1150,20261003,1070,80
すき家,香川県,すき家 高松中央IC店,香川県高松市木太町9区550-1,1170,20261003,1100,70
すき家,高知県,すき家 高知IC店,高知県高知市杉井流9-15,1180,20261003,1100,80
すき家,高知県,すき家 高知中万々店,高知県高知市中万々27-1,1150,20261003,1100,50
すき家,高知県,すき家 高知潮新町店,高知県高知市潮新町二丁目18番25号,1180,20261003,1100,80
すき家,高知県,すき家 高知本町店,高知県高知市本町1-2-1 白木ビル1F,1150,20261003,1120,30
すき家,神奈川,すき家 高津向ヶ丘店,神奈川県川崎市高津区向ヶ丘147-1,1320,20261003,1300,20
すき家,神奈川,すき家 高津末長店,神奈川県川崎市高津区末長2-11-18,1320,20261003,1300,20
すき家,神奈川,すき家 高津野川店,神奈川県川崎市高津区千年50,1320,20261003,1300,20
すき家,大阪府,すき家 高槻下田部店,大阪府高槻市下田部町1-3-28,1250,20261003,1230,20
すき家,大阪府,すき家 高槻古曽部店,大阪府高槻市古曽部町2-21-32,1250,20261003,1230,20
すき家,大阪府,すき家 高槻西町店,大阪府高槻市西町1番4号,1250,20261003,1230,20
すき家,東京都,すき家 高田馬場駅北店,東京都豊島区高田3-15-7 第1大島ビル1F,1350,20261003,1300,50
すき家,東京都,すき家 高田馬場店,東京都新宿区高田馬場1-28-4 工新別館ビル,1320,20261003,1300,20
すき家,東京都,すき家 高島平駅前店,東京都板橋区高島平8-11-11 SDビル,1300,20261003,1280,20
すき家,東京都,すき家 高幡不動駅店,東京都日野市高幡116-10 京王高幡SC1階A106号区画,1300,20261003,1250,50
すき家,埼玉県,すき家 鴻巣鎌塚店,埼玉県鴻巣市鎌塚1775-6,1250,20261003,1200,50
すき家,埼玉県,すき家 鴻巣店,埼玉県鴻巣市天神1-7-6,1250,20261003,1200,50
すき家,東京都,すき家 豪徳寺駅前店,東京都世田谷区豪徳寺1-25-7 ニーナロージナビル,1350,20261003,1300,50
すき家,東京都,すき家 国分寺本多店,東京都国分寺市本多2-16-1,1300,20261003,1290,10
すき家,鹿児島,すき家 国分野口店,鹿児島県霧島市国分野口東6-16,1180,20261003,1150,30
すき家,青森県,すき家 黒石泉町店,青森県黒石市大字泉町91,1120,20261003,1050,70
すき家,大阪府,すき家 此花四貫島店,大阪府大阪市此花区四貫島2-4-5,1300,20261003,1250,50
すき家,愛媛県,すき家 今治衣干店,愛媛県今治市衣干町1942-4,1180,20261003,1100,80
すき家,愛媛県,すき家 今治北日吉店,愛媛県今治市北日吉町3-5-53,1160,20261003,1100,60
すき家,愛知県,すき家 今池店,愛知県名古屋市千種区今池5-22-16,1230,20261003,1200,30
すき家,佐賀県,すき家 佐賀本庄店,佐賀県佐賀市本庄町袋305-2,1130,20261003,1080,50
すき家,千葉県,すき家 佐倉石川店,千葉県佐倉市石川535-6,1230,20261003,1180,50
すき家,千葉県,すき家 佐倉店,千葉県佐倉市王子台2-12-22,1230,20261003,1150,80
すき家,栃木県,すき家 佐野鐙塚店,栃木県佐野市鐙塚町177-1,1280,20261003,1200,80
すき家,神奈川,すき家 座間広野台店,神奈川県座間市広野台1-25-5,1300,20261003,1275,25
すき家,埼玉県,すき家 坂戸にっさい店,埼玉県坂戸市にっさい花みず木3-19-3,1250,20261003,1200,50
すき家,埼玉県,すき家 坂戸塚越店,埼玉県坂戸市石井2901-3,1250,20261003,1200,50
すき家,香川県,すき家 坂出横津店,香川県坂出市横津町3-2-15,1160,20261003,1100,60
すき家,兵庫県,すき家 阪急伊丹店,兵庫県伊丹市中央1-6-14,1230,20261003,1180,50
すき家,大阪府,すき家 阪急茨木市駅前店,大阪府茨木市双葉町8-1 奥村ビル1F,1250,20261003,1230,20
すき家,兵庫県,すき家 阪急園田駅前店,兵庫県尼崎市東園田町9-17-16 メゾン・ドゥ・ファミリー1F,1250,20261003,1210,40
すき家,大阪府,すき家 阪急庄内南店,大阪府豊中市庄内西町5-1-3,1250,20261003,1200,50
すき家,大阪府,すき家 阪急淡路西口店,大阪府大阪市東淀川区淡路4-11-15 井上ビル1F,1280,20261003,1240,40
すき家,大阪府,すき家 阪神野田駅前店,大阪府大阪市福島区海老江1-1-17 野田アプラ105,1330,20261003,1300,30
すき家,大阪府,すき家 堺IC店,大阪府堺市南区小代457-1,1250,20261003,1200,50
すき家,大阪府,すき家 堺筋恵美須町店,大阪府大阪市浪速区日本橋5-13-18 フォレシティ日本橋V 1F,1300,20261003,1250,50
すき家,大阪府,すき家 堺筋本町店,大阪府大阪市中央区本町1-7-1 三星本町ビル1F,1350,20261003,1300,50
すき家,大阪府,すき家 堺高須店,大阪府堺市堺区高須町2-1-16,1250,20261003,1200,50
すき家,大阪府,すき家 堺黒土店,大阪府堺市北区黒土町2355-1,1250,20261003,1200,50
すき家,大阪府,すき家 堺津久野店,大阪府堺市西区下田町26-23,1250,20261003,1200,50
すき家,大阪府,すき家 堺片蔵店,大阪府堺市南区片蔵1333-1,1240,20261003,1200,40
すき家,神奈川,すき家 鷺沼駅前店,神奈川県川崎市宮前区鷺沼一丁目2番地1 安藤マンション1階5区画,1320,20261003,1280,40
すき家,東京都,すき家 桜上水駅前店,東京都世田谷区桜上水4-10-16 間瀬ビル1F,1320,20261003,1270,50
すき家,東京都,すき家 桜新町駅前店,東京都世田谷区桜新町1-12-13 第5吉田ビル1F,1350,20261003,1300,50
すき家,東京都,すき家 桜新道南大井店,東京都品川区南大井3-7-20,1350,20261003,1300,50
すき家,大阪府,すき家 桜川駅前店,大阪府大阪市浪速区幸町2-8-8 常盤機械ビル1F,1280,20261003,1250,30
すき家,茨城県,すき家 桜土浦IC店,茨城県つくば市下広岡字向山1055-321,1200,20261003,1130,70
すき家,東京都,すき家 笹塚駅北店,東京都渋谷区笹塚2-19-2 TSK笹塚ビル,1350,20261003,1300,50
すき家,北海道,すき家 札幌ポールタウン店,北海道札幌市中央区南三条西3-10 さっぽろ地下街ポールタウン,1280,20261003,1250,30
すき家,北海道,すき家 札幌駅前通北一条店,北海道札幌市中央区北1条西3-2-5 藤栄ビルヂング1F,1280,20261003,1250,30
すき家,北海道,すき家 札幌環状通北郷店,北海道札幌市白石区北郷3条2丁目2番10号 ,1250,20261003,1200,50
すき家,北海道,すき家 札幌桑園店,北海道札幌市中央区北十一条西20丁目1-10,1250,20261003,1200,50
すき家,北海道,すき家 札幌山鼻店,北海道札幌市中央区南十三条西15-3-6,1250,20261003,1200,50
すき家,北海道,すき家 札幌曙店,北海道札幌市手稲区曙6条3丁目11番1 ,1250,20261003,1200,50
すき家,北海道,すき家 札幌新琴似店,北海道札幌市北区新琴似2条7丁目1番45号,1250,20261003,1200,50
すき家,北海道,すき家 札幌新道発寒店,北海道札幌市西区発寒12条1-2-30,1280,20261003,1200,80
すき家,北海道,すき家 札幌西岡店,北海道札幌市豊平区西岡2条8丁目1番32号,1250,20261003,1200,50
すき家,北海道,すき家 札幌西町店,北海道札幌市西区西町北十三丁目1番1 ,1200,20261003,1150,50
すき家,北海道,すき家 札幌中の島店,北海道札幌市豊平区中の島1条5丁目4番1号 ,1250,20261003,1200,50
すき家,北海道,すき家 札幌屯田店,北海道札幌市北区屯田六条4-4-20 ,1280,20261003,1200,80
すき家,北海道,すき家 札幌南1条西11丁目店,北海道札幌市中央区南1条西11-327-27 ジュピタープレイス1F,1280,20261003,1250,30
すき家,北海道,すき家 札幌美香保店,北海道札幌市東区北二十条東8-3-5,1250,20261003,1200,50
すき家,北海道,すき家 札幌伏古店,北海道札幌市東区伏古五条四丁目1-2の一部 ,1200,20261003,1150,50
すき家,北海道,すき家 札幌北33条店,北海道札幌市北区北三十三条西4-1-12,1250,20261003,1200,50
すき家,北海道,すき家 札幌北郷店,北海道札幌市白石区北郷三条8-1-1,1250,20261003,1200,50
すき家,北海道,すき家 札幌北野店,北海道札幌市清田区北野七条3-5-5,1250,20261003,1200,50
すき家,福井県,すき家 鯖江北野店,福井県鯖江市北野町18-11,1280,20261003,1250,30
すき家,東京都,すき家 三河島駅前店,東京都荒川区東日暮里6-1-1 アトラスブランズタワー三河島1F,1330,20261003,1300,30
すき家,埼玉県,すき家 三郷上彦名店,埼玉県三郷市上彦名231-1,1250,20261003,1230,20
すき家,埼玉県,すき家 三郷中央駅前店,埼玉県三郷市中央3-48-5,1250,20261003,1230,20
すき家,東京都,すき家 三軒茶屋二丁目店,東京都世田谷区三軒茶屋2-11-24 サンタワーズA101,1400,20261003,1350,50
すき家,東京都,すき家 三軒茶屋北店,東京都世田谷区太子堂2-24-6 ドミー三軒茶屋1F,1400,20261003,1350,50
すき家,広島県,すき家 三原店,広島県三原市皆実町3-1-1,1200,20261003,1180,20
すき家,愛知県,すき家 三好町店,愛知県みよし市三好町下畷2-10,1250,20261003,1200,50
すき家,愛知県,すき家 三好莇生店,愛知県みよし市莇生町川向29-1,1250,20261003,1200,50
すき家,大阪府,すき家 三国本町店,大阪府大阪市淀川区三国本町2-13-14,1280,20261003,1240,40
すき家,東京都,すき家 三鷹井口店,東京都三鷹市井口2-13-42,1320,20261003,1270,50
すき家,青森県,すき家 三沢緑町店,青森県三沢市緑町3-8-15,1180,20261003,1120,60
すき家,東京都,すき家 三田店,東京都港区芝5-25-9,1430,20261003,1380,50
すき家,静岡県,すき家 三島徳倉店,静岡県三島市徳倉910-2,1220,20261003,1150,70
すき家,兵庫県,すき家 三木志染店,兵庫県三木市志染町広野1-263-1,1200,20261003,1180,20
すき家,兵庫県,すき家 三木本町店,兵庫県三木市本町1-6-30,1250,20261003,1200,50
すき家,山形県,すき家 山形あこや店,山形県山形市あこや町2丁目3番31号,1100,20261003,1080,20
すき家,山形県,すき家 山形城西店,山形県山形市城西町4-19-19,1130,20261003,1080,50
すき家,山形県,すき家 山形大野目店,山形県山形市大野目4-2-24,1130,20261003,1080,50
すき家,岐阜県,すき家 山県高富店,岐阜県山県市大字高富字天王1274番6 泉山ビル102号,1180,20261003,1150,30
すき家,山口県,すき家 山口維新公園前店,山口県山口市大字維新公園5-2-10,1120,20261003,1050,70
すき家,山口県,すき家 山口大内店,山口県山口市大内千坊五丁目3-2,1120,20261003,1050,70
すき家,大阪府,すき家 四ツ橋駅前店,大阪府大阪市西区北堀江1-7-12 四ツ橋北堀江ビル1F,1280,20261003,1250,30
すき家,千葉県,すき家 四街道IC店,千葉県四街道市栗山812-6,1230,20261003,1200,30
すき家,千葉県,すき家 四街道鹿放ヶ丘店,千葉県四街道市鹿放ヶ丘459-1,1230,20261003,1180,50
すき家,愛媛県,すき家 四国中央川之江店,愛媛県四国中央市川之江町314-1,1200,20261003,1150,50
すき家,京都府,すき家 四条梅津店,京都府京都市右京区梅津上田町59,1200,20261003,1150,50
すき家,京都府,すき家 四条堀川店,京都府京都市下京区四条通堀川西入唐津屋町540,1200,20261003,1150,50
すき家,京都府,すき家 四条木屋町店,京都府京都市下京区橋本町109 サピエンス四条木屋町ビル,1250,20261003,1200,50
すき家,三重県,すき家 四日市塩浜店,三重県四日市市塩浜本町1-9-5,1200,20261003,1150,50
すき家,三重県,すき家 四日市芝田店,三重県四日市市芝田1-5-5,1200,20261003,1150,50
すき家,三重県,すき家 四日市西日野店,三重県四日市市西日野町字八幡5031-1,1200,20261003,1150,50
すき家,三重県,すき家 四日市泊店,三重県四日市市泊町2-34,1200,20261003,1180,20
すき家,大阪府,すき家 四條畷岡山東店,大阪府四條畷市岡山東2-2-2 ,1250,20261003,1230,20
すき家,埼玉県,すき家 指扇店,埼玉県さいたま市西区大字土屋字上谷510-2,1280,20261003,1250,30
すき家,大阪府,すき家 寺田町駅前店,大阪府大阪市阿倍野区天王寺町北2-1-5,1300,20261003,1250,50
すき家,神奈川,すき家 蒔田店,神奈川県横浜市南区宮元町2-31 村串ビル1F,1300,20261003,1250,50
すき家,神奈川,すき家 汐入店,神奈川県横浜市鶴見区仲通1-54 アネックスつるみ102,1300,20261003,1250,50
すき家,鹿児島,すき家 鹿屋寿店,鹿児島県鹿屋市寿8-20-7,1150,20261003,1100,50
すき家,鹿児島,すき家 鹿児島ベイサイド店,鹿児島県鹿児島市浜町2番53号,1150,20261003,1080,70
すき家,鹿児島,すき家 鹿児島宇宿店,鹿児島県鹿児島市宇宿6-22-1,1130,20261003,1080,50
すき家,鹿児島,すき家 鹿児島卸本町店,鹿児島県鹿児島市卸本町6-2,1130,20261003,1100,30
すき家,鹿児島,すき家 鹿児島下荒田店,鹿児島県鹿児島市下荒田1-2-1,1130,20261003,1050,80
すき家,鹿児島,すき家 鹿児島吉野店,鹿児島県鹿児島市吉野四丁目39番1号,1130,20261003,1080,50
すき家,鹿児島,すき家 鹿児島郡元店,鹿児島県鹿児島市郡元1丁目1番3号,1100,20261003,1050,50
すき家,鹿児島,すき家 鹿児島山田店,鹿児島県鹿児島市山田町字小丸406-1 ,1130,20261003,1100,30
すき家,鹿児島,すき家 鹿児島新栄店,鹿児島県鹿児島市新栄町8番5号,1180,20261003,1130,50
すき家,鹿児島,すき家 鹿児島天文館店,鹿児島県鹿児島市呉服町1-3 センチュリオンホテル鹿児島1F,1130,20261003,1080,50
すき家,鹿児島,すき家 鹿児島東谷山店,鹿児島県鹿児島市東谷山2-52-22,1130,20261003,1050,80
すき家,神奈川,すき家 鹿島田駅前店,神奈川県川崎市幸区鹿島田1丁目18-6 KSビル1F,1330,20261003,1300,30
すき家,石川県,すき家 七尾藤橋店,石川県七尾市藤橋町戌12-1,1350,20261003,1300,50
すき家,東京都,すき家 柴又街道小岩店,東京都江戸川区東小岩6-3-5,1330,20261003,1280,50
すき家,東京都,すき家 芝浦四丁目店,東京都港区芝浦4-9-18 グランドパレス田町1F,1430,20261003,1380,50
すき家,千葉県,すき家 芝山店,千葉県船橋市芝山2-9-1,1230,20261003,1200,30
すき家,東京都,すき家 芝四丁目店,東京都港区芝4-7-1 西山ビル1F,1430,20261003,1380,50
すき家,愛知県,すき家 車道駅前店,愛知県名古屋市東区筒井3-26-25 第29オーシャンビル1F,1250,20261003,1200,50
すき家,茨城県,すき家 取手青柳店,茨城県取手市青柳132-1,1200,20261003,1150,50
すき家,茨城県,すき家 取手中央タウン店,茨城県取手市西1-31-29,1230,20261003,1150,80
すき家,愛知県,すき家 守山志段味店,愛知県名古屋市守山区日の後706,1220,20261003,1170,50
すき家,愛知県,すき家 守山森宮店,愛知県名古屋市守山区森宮町219,1220,20261003,1170,50
すき家,愛知県,すき家 守山店,愛知県名古屋市守山区瀬古東2-1104,1220,20261003,1170,50
すき家,茨城県,すき家 守谷店,茨城県守谷市けやき台5-2-1,1200,20261003,1150,50
すき家,山形県,すき家 酒田若竹店,山形県酒田市若竹町2-3-5,1220,20261003,1180,40
すき家,山口県,すき家 周南久米店,山口県周南市大字久米1142-1,1150,20261003,1100,50
すき家,山口県,すき家 周南新南陽店,山口県周南市古川町5-15,1180,20261003,1120,60
すき家,福岡県,すき家 宗像赤間店,福岡県宗像市赤間駅前2-2-19,1130,20261003,1070,60
すき家,秋田県,すき家 秋田桜店,秋田県秋田市桜1-12-11,1100,20261003,1050,50
すき家,秋田県,すき家 秋田泉店,秋田県秋田市泉中央1-3-11,1120,20261003,1050,70
すき家,東京都,すき家 秋葉原駅岩本町店,東京都千代田区岩本町3-3-5 秋葉原SHビル1F,1400,20261003,1350,50
すき家,大阪府,すき家 住吉遠里小野店,大阪府大阪市住吉区遠里小野2-10-30,1250,20261003,1200,50
すき家,東京都,すき家 住吉新大橋通店,東京都江東区住吉2-2-7 住吉Sビル1F,1370,20261003,1320,50
すき家,大阪府,すき家 住吉長居公園通店,大阪府大阪市住吉区長居東1-31,1300,20261003,1250,50
すき家,大阪府,すき家 住之江大和川通店,大阪府大阪市住之江区新北島1-9-5,1250,20261003,1200,50
すき家,大阪府,すき家 十三駅西口店,大阪府大阪市淀川区十三本町1-7-1 カネイシビル,1280,20261003,1250,30
すき家,東京都,すき家 十条駅前店,東京都北区十条2-27-1J＆MALLL1-14-2区画1階 ,1330,20261003,1300,30
すき家,新潟県,すき家 十日町店,新潟県十日町市上島601-1,1250,20261003,1200,50
すき家,青森県,すき家 十和田元町店,青森県十和田市元町東1-2-19,1180,20261003,1120,60
すき家,群馬県,すき家 渋川有馬店,群馬県渋川市有馬186-1,1220,20261003,1200,20
すき家,東京都,すき家 渋谷円山町店,東京都渋谷区円山町28-4 大場ビル1F,1500,20261003,1450,50
すき家,東京都,すき家 渋谷桜丘店,東京都渋谷区桜丘町15-19,1500,20261003,1450,50
すき家,東京都,すき家 渋谷南平台店,東京都渋谷区南平台町1-10 いちご南平台ビル1F,1500,20261003,1450,50
すき家,東京都,すき家 渋谷二丁目店,東京都渋谷区渋谷2-12-13 八千代ビル1F,1500,20261003,1450,50
すき家,島根県,すき家 出雲高岡店,島根県出雲市高岡町540-1,1230,20261003,1150,80
すき家,島根県,すき家 出雲市駅南店,島根県出雲市駅南町2-5-1,1180,20261003,1100,80
すき家,愛知県,すき家 春日井中央店,愛知県春日井市瑞穂通7-16-1,1230,20261003,1180,50
すき家,愛知県,すき家 春日井桃山店,愛知県春日井市桃山町3-224-2,1210,20261003,1150,60
すき家,愛知県,すき家 春日井白山店,愛知県春日井市白山町8丁目1番6,1210,20261003,1150,60
すき家,福岡県,すき家 春日岡本店,福岡県春日市岡本一丁目4番,1130,20261003,1070,60
すき家,福岡県,すき家 春日惣利店,福岡県春日市惣利2丁目15 ,1130,20261003,1070,60
すき家,福岡県,すき家 春日白水店,福岡県春日市白水ヶ丘4-61,1160,20261003,1070,90
すき家,埼玉県,すき家 春日部ユリノキ通り店,埼玉県春日部市大沼4-19,1250,20261003,1200,50
すき家,埼玉県,すき家 春日部増田新田店,埼玉県春日部市増田新田93-1,1250,20261003,1200,50
すき家,埼玉県,すき家 所沢下安松店,埼玉県所沢市下安松1576-1,1250,20261003,1230,20
すき家,埼玉県,すき家 所沢下新井店,埼玉県所沢市下新井1454-3,1250,20261003,1230,20
すき家,東京都,すき家 曙橋店,東京都新宿区住吉町8-25,1400,20261003,1350,50
すき家,東京都,すき家 勝どき三丁目店,東京都中央区勝どき3-7-6,1350,20261003,1300,50
すき家,千葉県,すき家 勝田台駅南店,千葉県八千代市勝田台1-37-8 スプリングII 1F,1230,20261003,1150,80
すき家,神奈川,すき家 小机駅前店,神奈川県横浜市港北区小机町2541 神本ビル1F,1300,20261003,1250,50
すき家,東京都,すき家 小金井中町店,東京都小金井市中町2-8-2,1320,20261003,1270,50
すき家,栃木県,すき家 小山西城南店,栃木県小山市西城南4-19-7,1150,20261003,1130,20
すき家,埼玉県,すき家 小手指駅北口店,埼玉県所沢市小手指町1-1-1,1250,20261003,1230,20
すき家,福岡県,すき家 小倉北神岳店,福岡県北九州市小倉北区神岳2-6-30,1130,20261003,1080,50
すき家,福岡県,すき家 小倉北西港店,福岡県北九州市小倉北区西港町15-70,1160,20261003,1100,60
すき家,北海道,すき家 小樽有幌店,北海道小樽市有幌町2-14,1280,20261003,1250,30
すき家,神奈川,すき家 小田原駅東口店,神奈川県小田原市栄町1-14-1 実正堂ビル1F,1300,20261003,1250,50
すき家,神奈川,すき家 小田原扇町店,神奈川県小田原市扇町2-5-9,1300,20261003,1225,75
すき家,神奈川,すき家 小田原早川店,神奈川県小田原市早川3-19-6,1300,20261003,1225,75
すき家,東京都,すき家 小平上水本町店,東京都小平市上水本町4-12-7,1300,20261003,1290,10
すき家,東京都,すき家 小平中島町店,東京都小平市中島町22-19,1300,20261003,1270,30
すき家,東京都,すき家 小平鈴木店,東京都小平市鈴木町1-215-3,1300,20261003,1250,50
すき家,愛知県,すき家 小牧駅西店,愛知県小牧市小牧3丁目86-1,1210,20261003,1150,60
すき家,愛知県,すき家 小牧久保一色店,愛知県小牧市大字久保一色925,1210,20261003,1150,60
すき家,愛知県,すき家 小牧春日寺店,愛知県小牧市春日寺2-329,1210,20261003,1150,60
すき家,東京都,すき家 昭島駅南店,東京都昭島市昭和町5-14-17,1300,20261003,1250,50
すき家,愛知県,すき家 昭和円上店,愛知県名古屋市昭和区円上町2804,1230,20261003,1180,50
すき家,大阪府,すき家 松原阿保店,大阪府松原市阿保6-871-1,1250,20261003,1200,50
すき家,大阪府,すき家 松原南新町店,大阪府松原市南新町4-107-17,1250,20261003,1200,50
すき家,千葉県,すき家 松戸駅西口店,千葉県松戸市本町19-23 宝星ビル1F,1250,20261003,1230,20
すき家,千葉県,すき家 松戸古ヶ崎店,千葉県松戸市古ヶ崎764-1,1250,20261003,1200,50
すき家,千葉県,すき家 松戸秋山店,千葉県松戸市秋山1-8-8,1250,20261003,1230,20
すき家,千葉県,すき家 松戸中央店,千葉県松戸市南花島2-32-9,1280,20261003,1200,80
すき家,千葉県,すき家 松戸二十世紀が丘店,千葉県松戸市二十世紀が丘美野里町15-1,1280,20261003,1200,80
すき家,千葉県,すき家 松戸六高台店,千葉県松戸市六高台1-71,1280,20261003,1200,80
すき家,島根県,すき家 松江菅田店,島根県松江市菅田町24-1,1120,20261003,1080,40
すき家,三重県,すき家 松阪嬉野店,三重県松阪市嬉野中川新町4-217,1180,20261003,1100,80
すき家,三重県,すき家 松阪光町店,三重県松阪市光町868,1220,20261003,1150,70
すき家,三重県,すき家 松阪市場庄町店,三重県松阪市市場庄町1332,1220,20261003,1150,70
すき家,愛媛県,すき家 松山はなみずき通り店,愛媛県松山市古川北2-172-1,1150,20261003,1050,100
すき家,愛媛県,すき家 松山空港通店,愛媛県松山市空港通4-7-8,1130,20261003,1050,80
すき家,愛媛県,すき家 松山枝松店,愛媛県松山市枝松1-9-16,1130,20261003,1050,80
すき家,愛媛県,すき家 松山大街道店,愛媛県松山市大街道2-5-6 だるまやビル1F,1150,20261003,1050,100
すき家,愛媛県,すき家 松山道後樋又店,愛媛県松山市道後樋又11-20,1130,20261003,1050,80
すき家,愛媛県,すき家 松山南江戸店,愛媛県松山市南江戸2-7-6,1130,20261003,1050,80
すき家,愛媛県,すき家 松山問屋町店,愛媛県松山市問屋町4-17,1130,20261003,1050,80
すき家,長野県,すき家 松本梓川店,長野県松本市梓川倭1番地1,1250,20261003,1150,100
すき家,長野県,すき家 松本出川店,長野県松本市出川3-6-10,1280,20261003,1220,60
すき家,長野県,すき家 松本沢村店,長野県松本市沢村3丁目1番2号,1280,20261003,1150,130
すき家,静岡県,すき家 沼津原店,静岡県沼津市原1800,1180,20261003,1150,30
すき家,静岡県,すき家 沼津小諏訪店,静岡県沼津市小諏訪574-8,1200,20261003,1150,50
すき家,群馬県,すき家 沼田IC店,群馬県沼田市下久屋町1043-1,1280,20261003,1200,80
すき家,神奈川,すき家 湘南LT店,神奈川県藤沢市大庭5434-9,1310,20261003,1250,60
すき家,静岡県,すき家 焼津小川店,静岡県焼津市東小川8-11-12,1250,20261003,1200,50
すき家,新潟県,すき家 上越高土店,新潟県上越市高土町1-1-4,1180,20261003,1100,80
すき家,新潟県,すき家 上越春日山店,新潟県上越市大豆1-9-27,1160,20261003,1100,60
すき家,東京都,すき家 上石神井駅前店,東京都練馬区上石神井1-13-17,1330,20261003,1280,50
すき家,愛知県,すき家 上前津駅南店,愛知県名古屋市中区上前津1-4-12 上前津グリーンビル,1250,20261003,1200,50
すき家,東京都,すき家 上池袋二丁目店,東京都豊島区上池袋2-40-10 ニューキャッスル上池袋1F,1320,20261003,1300,20
すき家,東京都,すき家 上池台三丁目店,東京都大田区上池台3-13-3,1350,20261003,1300,50
すき家,埼玉県,すき家 上尾駅西口店,埼玉県上尾市谷津2-1-41,1280,20261003,1200,80
すき家,埼玉県,すき家 上尾春日店,埼玉県上尾市春日二丁目15番3,1250,20261003,1200,50
すき家,埼玉県,すき家 上尾平塚店,埼玉県上尾市平塚1696-1,1280,20261003,1250,30
すき家,埼玉県,すき家 上尾平方店,埼玉県上尾市平方領々家4-1,1280,20261003,1250,30
すき家,大阪府,すき家 上本町駅南店,大阪府大阪市天王寺区上本町6-9-20 ,1300,20261003,1250,50
すき家,神奈川,すき家 城山向原店,神奈川県相模原市緑区向原3-1-4,1300,20261003,1250,50
すき家,京都府,すき家 城陽久世店,京都府城陽市久世南垣内172-1,1200,20261003,1150,50
すき家,茨城県,すき家 常総石下店,茨城県常総市新石下3987,1200,20261003,1150,50
すき家,愛知県,すき家 浄心店,愛知県名古屋市西区浄心1-1-50 浄心ステーションビル南館,1230,20261003,1180,50
すき家,栃木県,すき家 新4号BP上三川店,栃木県河内郡上三川町しらさぎ2-1-10,1150,20261003,1130,20
すき家,茨城県,すき家 新4号上片田店,茨城県古河市上片田字新田前843-1,1200,20261003,1130,70
すき家,新潟県,すき家 新井店,新潟県妙高市大字猪野山55-16,1230,20261003,1150,80
すき家,埼玉県,すき家 新越谷駅東口店,埼玉県越谷市南越谷1-17-11 新越谷プラザビル1F,1230,20261003,1200,30
すき家,神奈川,すき家 新横浜店,神奈川県横浜市港北区新横浜2-6-17,1350,20261003,1300,50
すき家,新潟県,すき家 新潟牡丹山店,新潟県新潟市東区牡丹山4-1-27,1160,20261003,1100,60
すき家,新潟県,すき家 新潟河渡店,新潟県新潟市東区河渡庚252-1,1160,20261003,1100,60
すき家,新潟県,すき家 新潟巻店,新潟県新潟市西蒲区巻甲4438-4,1160,20261003,1100,60
すき家,新潟県,すき家 新潟近江店,新潟県新潟市中央区上近江2-1-18,1180,20261003,1100,80
すき家,新潟県,すき家 新潟笹口店,新潟県新潟市中央区南笹口2-1-60,1160,20261003,1100,60
すき家,新潟県,すき家 新潟女池店,新潟県新潟市中央区女池神明二丁目9番地9,1180,20261003,1150,30
すき家,新潟県,すき家 新潟小新大通店,新潟県新潟市西区小新大通二丁目2番8号,1160,20261003,1100,60
すき家,新潟県,すき家 新潟小針店,新潟県新潟市西区小針2-38-12,1180,20261003,1100,80
すき家,新潟県,すき家 新潟大学前店,新潟県新潟市西区五十嵐一の町6711-1,1180,20261003,1150,30
すき家,新潟県,すき家 新潟東大通店,新潟県新潟市中央区東大通2-1-21,1120,20261003,1050,70
すき家,新潟県,すき家 新潟白根店,新潟県新潟市南区能登400番4,1160,20261003,1100,60
すき家,愛媛県,すき家 新居浜高木店,愛媛県新居浜市高木町2-11,1180,20261003,1120,60
すき家,東京都,すき家 新橋三丁目店,東京都港区新橋3-10-9 ホテル新橋三番館1F,1350,20261003,1330,20
すき家,東京都,すき家 新御徒町店,東京都台東区東上野1-1-1,1400,20261003,1350,50
すき家,東京都,すき家 新高円寺東店,東京都杉並区梅里1-7-17,1330,20261003,1280,50
すき家,東京都,すき家 新高島平駅南店,東京都板橋区高島平4-23-17 アルテール藤久,1330,20261003,1280,50
すき家,埼玉県,すき家 新座駅前店,埼玉県新座市野火止5-3-11,1250,20261003,1230,20
すき家,埼玉県,すき家 新座大和田店,埼玉県新座市大和田4-14-7,1280,20261003,1230,50
すき家,埼玉県,すき家 新座道場店,埼玉県新座市道場2-18-9 ラークアベニュータガイ1F,1250,20261003,1230,20
すき家,埼玉県,すき家 新座野火止店,埼玉県新座市野火止3-15-19,1250,20261003,1230,20
すき家,東京都,すき家 新三河島駅東店,東京都荒川区西日暮里1-1-1 パレスいしかわ1F,1350,20261003,1300,50
すき家,千葉県,すき家 新習志野店,千葉県習志野市茜浜2-1-12,1300,20261003,1230,70
すき家,東京都,すき家 新宿御苑前駅店,東京都新宿区新宿1-19-7 新花ビル1F,1400,20261003,1350,50
すき家,東京都,すき家 新宿二丁目店,東京都新宿区新宿2-15-15 新宿ヤマトビル1F,1400,20261003,1350,50
すき家,東京都,すき家 新宿六丁目店,東京都新宿区新宿6-28-10,1380,20261003,1330,50
すき家,東京都,すき家 新小岩店,東京都葛飾区西新小岩1-9-7,1330,20261003,1300,30
すき家,千葉県,すき家 新松戸店,千葉県松戸市新松戸3-271 神谷第一ビル,1280,20261003,1200,80
すき家,神奈川,すき家 新杉田店,神奈川県横浜市磯子区杉田1-6-6 第3アズサワビル,1300,20261003,1225,75
すき家,東京都,すき家 新青梅街道花小金井店,東京都小平市花小金井3-21-14,1300,20261003,1250,50
すき家,東京都,すき家 新青梅街道東村山店,東京都東村山市富士見町3-2-1,1300,20261003,1250,50
すき家,東京都,すき家 新大久保駅西店,東京都新宿区百人町1-16-14 マキバビル1F,1350,20261003,1300,50
すき家,大阪府,すき家 新大阪西宮原店,大阪府大阪市淀川区西宮原1-8-41 新大阪南愛ビル1階,1280,20261003,1240,40
すき家,東京都,すき家 新中野駅前店,東京都中野区本町四丁目30番26号 成瀬ビル1階,1330,20261003,1280,50
すき家,新潟県,すき家 新津ウオロク前店,新潟県新潟市秋葉区善道555,1160,20261003,1100,60
すき家,群馬県,すき家 新田市野井店,群馬県太田市新田市野井町771-1,1200,20261003,1150,50
すき家,東京都,すき家 新木場駅南店,東京都江東区新木場1-4-7,1400,20261003,1350,50
すき家,東京都,すき家 森下店,東京都江東区森下2-18-8,1370,20261003,1320,50
すき家,北海道,すき家 深川店,北海道深川市三条18-25,1250,20261003,1200,50
すき家,栃木県,すき家 真岡上高間木店,栃木県真岡市上高間木3-10-8,1180,20261003,1130,50
すき家,兵庫県,すき家 神戸キャンパススクエア店,兵庫県神戸市西区学園西町1-4,1200,20261003,1180,20
すき家,兵庫県,すき家 神戸伊川谷店,兵庫県神戸市西区伊川谷町有瀬1316,1230,20261003,1200,30
すき家,東京都,すき家 神保町駅前店,東京都千代田区神田神保町1-14 KDX神保町ビル1F,1400,20261003,1350,50
すき家,神奈川,すき家 秦野室川橋店,神奈川県秦野市曽屋5788-5,1300,20261003,1225,75
すき家,長野県,すき家 諏訪赤沼店,長野県諏訪市四賀大字1748,1250,20261003,1200,50
すき家,福島県,すき家 須賀川店,福島県須賀川市大黒町282,1130,20261003,1080,50
すき家,長野県,すき家 須坂墨坂店,長野県須坂市墨坂4-2-20,1270,20261003,1200,70
すき家,兵庫県,すき家 須磨車店,兵庫県神戸市須磨区車字奥中ノ尾767-1,1250,20261003,1220,30
すき家,大阪府,すき家 吹田五月が丘店,大阪府吹田市五月が丘東13-19,1300,20261003,1230,70
すき家,兵庫県,すき家 垂水塩屋北店,兵庫県神戸市垂水区朝谷町20-7,1230,20261003,1180,50
すき家,兵庫県,すき家 垂水多聞店,兵庫県神戸市垂水区本多聞1-22-30,1230,20261003,1180,50
すき家,兵庫県,すき家 垂水名谷店,兵庫県神戸市垂水区名谷町字横尾1818-1,1200,20261003,1180,20
すき家,茨城県,すき家 水海道店,茨城県常総市新井木町字江畑102-3,1200,20261003,1130,70
すき家,茨城県,すき家 水戸駅南口店,茨城県水戸市宮町1-7-44 COMBOX310-302号室,1220,20261003,1150,70
すき家,茨城県,すき家 水戸河和田店,茨城県水戸市河和田1丁目1704番14-13,1220,20261003,1150,70
すき家,茨城県,すき家 水戸笠原店,茨城県水戸市笠原町976-21,1220,20261003,1150,70
すき家,茨城県,すき家 水戸末広町店,茨城県水戸市末広町2-3-7,1220,20261003,1150,70
すき家,茨城県,すき家 水戸柳町店,茨城県水戸市柳町1-1-8,1220,20261003,1150,70
すき家,東京都,すき家 水道橋駅東口店,東京都千代田区神田三崎町1-4-26,1380,20261003,1350,30
すき家,東京都,すき家 瑞江店,東京都江戸川区瑞江2-1-23 田所ビル1F,1330,20261003,1280,50
すき家,愛知県,すき家 瑞穂牛巻店,愛知県名古屋市瑞穂区牛巻町8-11,1250,20261003,1200,50
すき家,愛知県,すき家 瑞穂弥富通店,愛知県名古屋市瑞穂区弥富通5-31,1230,20261003,1180,50
すき家,静岡県,すき家 裾野二ツ屋店,静岡県裾野市二ツ屋155-1,1220,20261003,1150,70
すき家,東京都,すき家 世田谷赤堤通り店,東京都世田谷区桜上水2-1-8,1350,20261003,1300,50
すき家,愛知県,すき家 瀬戸店,愛知県瀬戸市高根町1-68,1210,20261003,1150,60
すき家,岡山県,すき家 瀬戸内邑久店,岡山県瀬戸内市邑久町豊原90-3,1170,20261003,1080,90
すき家,東京都,すき家 成城学園駅前店,東京都世田谷区成城2-35-12,1350,20261003,1300,50
すき家,東京都,すき家 成増店,東京都板橋区成増2-18-7 吉田屋第一ビル1F,1330,20261003,1280,50
すき家,千葉県,すき家 成田東店,千葉県成田市寺台28-1,1280,20261003,1250,30
すき家,愛知県,すき家 清須西田中店,愛知県清須市西田中城下130,1210,20261003,1150,60
すき家,静岡県,すき家 清水IC店,静岡県静岡市清水区八坂東2-16-21,1180,20261003,1150,30
すき家,静岡県,すき家 清水鳥坂店,静岡県静岡市清水区鳥坂1231-1,1180,20261003,1150,30
すき家,奈良県,すき家 生駒白庭台店,奈良県生駒市白庭台2丁目12番6号,1200,20261003,1150,50
すき家,神奈川,すき家 生田駅南口店,神奈川県川崎市多摩区生田7-2-11,1300,20261003,1260,40
すき家,大阪府,すき家 生野巽東店,大阪府大阪市生野区巽東3-13-10,1280,20261003,1250,30
すき家,岩手県,すき家 盛岡西店,岩手県盛岡市本宮3-5-10,1090,20261003,1050,40
すき家,岩手県,すき家 盛岡青山店,岩手県盛岡市青山3-7-1,1090,20261003,1050,40
すき家,東京都,すき家 西永福店,東京都杉並区永福3-56-30,1320,20261003,1270,50
すき家,東京都,すき家 西葛西一丁目店,東京都江戸川区西葛西1-15-9 スカイビル,1350,20261003,1300,50
すき家,東京都,すき家 西葛西駅前店,東京都江戸川区西葛西6-8-11 葛西産業ビル,1350,20261003,1300,50
すき家,兵庫県,すき家 西宮今津巽店,兵庫県西宮市今津巽町4-37,1200,20261003,1180,20
すき家,兵庫県,すき家 西宮中殿店,兵庫県西宮市中殿町3番22号,1200,20261003,1180,20
すき家,兵庫県,すき家 西宮北IC店,兵庫県西宮市山口町下山口3-5-23,1250,20261003,1200,50
すき家,京都府,すき家 西京区樫原店,京都府京都市西京区樫原分田16-3,1230,20261003,1200,30
すき家,大阪府,すき家 西九条駅前店,大阪府大阪市此花区西九条4-3-39 村本ビル1F,1280,20261003,1250,30
すき家,愛媛県,すき家 西条新田店,愛媛県西条市新田155,1200,20261003,1130,70
すき家,東京都,すき家 西新宿小滝橋通り店,東京都新宿区西新宿7-10-16 千徳ビル,1400,20261003,1350,50
すき家,千葉県,すき家 西千葉駅前店,千葉県千葉市中央区春日2-25-1 竹久ビル1F,1230,20261003,1150,80
すき家,埼玉県,すき家 西川口駅前店,埼玉県川口市西川口1-5-3 福原ビル,1230,20261003,1200,30
すき家,千葉県,すき家 西船橋店,千葉県船橋市山野町10-1,1280,20261003,1250,30
すき家,東京都,すき家 西台駅西店,東京都板橋区高島平1-75-15 高桐マンション1F,1330,20261003,1280,50
すき家,京都府,すき家 西大路駅南店,京都府京都市南区唐橋西平垣町1-7,1230,20261003,1180,50
すき家,福岡県,すき家 西鉄久留米駅前店,福岡県久留米市東町1-5,1150,20261003,1100,50
すき家,宮崎県,すき家 西都右松店,宮崎県西都市右松3-33,1130,20261003,1080,50
すき家,愛知県,すき家 西尾永吉店,愛知県西尾市永吉3-74,1250,20261003,1200,50
すき家,神奈川,すき家 西武東戸塚S.C.店,神奈川県横浜市戸塚区品濃町537-1,1330,20261003,1280,50
すき家,大阪府,すき家 西本町店,大阪府大阪市西区西本町1-7-14 日宝信濃橋センター,1350,20261003,1300,50
すき家,大阪府,すき家 西淀川大和田店,大阪府大阪市西淀川区大和田2-1-17,1280,20261003,1240,40
すき家,兵庫県,すき家 西脇野村店,兵庫県西脇市野村町1795-192,1250,20261003,1220,30
すき家,青森県,すき家 青森西店,青森県青森市篠田2-19-26,1180,20261003,1120,60
すき家,青森県,すき家 青森問屋町店,青森県青森市第二問屋町1-2-1,1180,20261003,1120,60
すき家,青森県,すき家 青森浪打店,青森県青森市浪打2-11-20,1180,20261003,1120,60
すき家,東京都,すき家 青梅河辺店,東京都青梅市河辺町5-25-1,1340,20261003,1280,60
すき家,東京都,すき家 青梅新町店,東京都青梅市新町7-6-10,1300,20261003,1250,50
すき家,静岡県,すき家 静岡SBS通り店,静岡県静岡市駿河区中田本町55番1号,1180,20261003,1160,20
すき家,静岡県,すき家 静岡下川原店,静岡県静岡市駿河区下川原3-34-7,1180,20261003,1160,20
すき家,静岡県,すき家 静岡国吉田店,静岡県静岡市駿河区国吉田4-2-20,1180,20261003,1160,20
すき家,静岡県,すき家 静岡松富店,静岡県静岡市葵区松富2-1-51,1200,20261003,1160,40
すき家,静岡県,すき家 静岡池田店,静岡県静岡市駿河区池田863,1180,20261003,1160,20
すき家,宮城県,すき家 石巻あけぼの店,宮城県石巻市あけぼの一丁目9番4,1150,20261003,1100,50
すき家,宮城県,すき家 石巻元倉店,宮城県石巻市元倉1-21-12,1150,20261003,1100,50
すき家,北海道,すき家 石狩花川店,北海道石狩市花川南6条1-11-50,1280,20261003,1200,80
すき家,東京都,すき家 赤羽南口店,東京都北区赤羽1-1-24,1370,20261003,1350,20
すき家,東京都,すき家 赤坂六丁目店,東京都港区赤坂6-3-1 アスモビル,1430,20261003,1380,50
すき家,大阪府,すき家 摂津鳥飼中店,大阪府摂津市鳥飼中2-2-50,1300,20261003,1230,70
すき家,大阪府,すき家 摂津南別府店,大阪府摂津市南別府町3-19,1300,20261003,1230,70
すき家,大阪府,すき家 摂津富田店,大阪府高槻市大畑町26-17,1280,20261003,1230,50
すき家,兵庫県,すき家 摂津本山駅前店,兵庫県神戸市東灘区岡本1-3-33,1230,20261003,1180,50
すき家,東京都,すき家 仙川店,東京都調布市仙川町1-11-13 大平ビル1F,1310,20261003,1280,30
すき家,宮城県,すき家 仙台クリスロード店,宮城県仙台市青葉区中央2-2-29,1180,20261003,1150,30
すき家,宮城県,すき家 仙台加茂店,宮城県仙台市泉区加茂四丁目1番4,1150,20261003,1100,50
すき家,宮城県,すき家 仙台岩切店,宮城県仙台市宮城野区岩切字青津目8-1,1150,20261003,1100,50
すき家,宮城県,すき家 仙台松森店,宮城県仙台市泉区松森字陣ヶ原5-1,1150,20261003,1100,50
すき家,宮城県,すき家 仙台水の森店,宮城県仙台市青葉区水の森3-31-1,1150,20261003,1100,50
すき家,宮城県,すき家 仙台泉中央店,宮城県仙台市泉区泉中央1-1-4,1150,20261003,1130,20
すき家,宮城県,すき家 仙台大和町店,宮城県仙台市若林区大和町一丁目21番6号,1150,20261003,1100,50
すき家,宮城県,すき家 仙台福室店,宮城県仙台市宮城野区福室字小原1-2,1150,20261003,1100,50
すき家,北海道,すき家 千歳あずさ店,北海道千歳市あずさ四丁目2番21 ,1250,20261003,1200,50
すき家,東京都,すき家 千歳船橋駅前店,東京都世田谷区船橋1-9-24 千歳船橋振興組合会館1F,1350,20261003,1300,50
すき家,愛知県,すき家 千種鏡池通店,愛知県名古屋市千種区川崎町2-7,1200,20261003,1180,20
すき家,東京都,すき家 千川駅前店,東京都豊島区要町3-10-10,1300,20261003,1280,20
すき家,京都府,すき家 千本中立売店,京都府京都市上京区千本通中立売下ル亀屋町50,1180,20261003,1150,30
すき家,千葉県,すき家 千葉蘇我店,千葉県千葉市中央区南町1-2-9,1230,20261003,1180,50
すき家,千葉県,すき家 千葉犢橋店,千葉県千葉市花見川区犢橋町1510,1230,20261003,1180,50
すき家,埼玉県,すき家 川越笠幡店,埼玉県川越市笠幡181-1,1250,20261003,1200,50
すき家,埼玉県,すき家 川越諏訪町店,埼玉県川越市諏訪町16-13,1250,20261003,1200,50
すき家,埼玉県,すき家 川越木野目店,埼玉県川越市木野目1560-1,1250,20261003,1200,50
すき家,埼玉県,すき家 川口駅東口店,埼玉県川口市栄町3-9-13 K21ビル1F,1250,20261003,1200,50
すき家,埼玉県,すき家 川口芝店,埼玉県川口市芝宮根町7-2,1230,20261003,1200,30
すき家,埼玉県,すき家 川口榛松店,埼玉県川口市榛松1863,1250,20261003,1200,50
すき家,埼玉県,すき家 川口青木店,埼玉県川口市青木3-8-5,1250,20261003,1200,50
すき家,埼玉県,すき家 川口末広店,埼玉県川口市末広1-19-3,1250,20261003,1200,50
すき家,神奈川,すき家 川崎塩浜店,神奈川県川崎市川崎区四谷下町1-3,1380,20261003,1350,30
すき家,神奈川,すき家 川崎下麻生店,神奈川県川崎市麻生区下麻生3-46-6,1300,20261003,1250,50
すき家,神奈川,すき家 川崎鋼管通店,神奈川県川崎市川崎区銅管通り三丁目3番7 ,1380,20261003,1350,30
すき家,神奈川,すき家 川崎今井店,神奈川県川崎市中原区今井西町1-56,1380,20261003,1360,20
すき家,神奈川,すき家 川崎宿河原店,神奈川県川崎市多摩区宿河原4-2-2,1320,20261003,1300,20
すき家,神奈川,すき家 川崎初山店,神奈川県川崎市宮前区初山1丁目21番31号,1320,20261003,1280,40
すき家,神奈川,すき家 川崎西生田店,神奈川県川崎市多摩区西生田2-7-23,1300,20261003,1260,40
すき家,神奈川,すき家 川崎潮見台店,神奈川県川崎市宮前区潮見台10-2,1300,20261003,1225,75
すき家,神奈川,すき家 川崎藤崎四丁目店,神奈川県川崎市川崎区藤崎4-19-3 ,1380,20261003,1350,30
すき家,神奈川,すき家 川崎南加瀬店,神奈川県川崎市幸区南加瀬4-16-9,1380,20261003,1350,30
すき家,神奈川,すき家 川崎木月店,神奈川県川崎市中原区木月3-53-7,1320,20261003,1300,20
すき家,兵庫県,すき家 川西火打店,兵庫県川西市火打2-9-23,1220,20261003,1200,20
すき家,大阪府,すき家 泉大津松之浜店,大阪府泉大津市松之浜町2-1-12,1250,20261003,1200,50
すき家,大阪府,すき家 泉南中小路店,大阪府泉南市中小路2-383,1250,20261003,1200,50
すき家,東京都,すき家 浅草橋駅前店,東京都台東区柳橋1-23-3 田中ビル1F,1400,20261003,1350,50
すき家,東京都,すき家 浅草六区店,東京都台東区浅草2-9-14 木村ビル1F,1400,20261003,1350,50
すき家,千葉県,すき家 船橋夏見台店,千葉県船橋市夏見台5-9-1,1250,20261003,1200,50
すき家,千葉県,すき家 船橋古作店,千葉県船橋市古作2-1-1,1280,20261003,1200,80
すき家,千葉県,すき家 船橋三咲店,千葉県船橋市三咲4-19-1,1230,20261003,1200,30
すき家,千葉県,すき家 船橋市場店,千葉県船橋市市場5-1-19,1250,20261003,1200,50
すき家,千葉県,すき家 船橋習志野店,千葉県船橋市習志野5-5-1,1250,20261003,1200,50
すき家,千葉県,すき家 船橋日大前店,千葉県船橋市坪井東1-2-38,1230,20261003,1200,30
すき家,大阪府,すき家 船場中央店,大阪府大阪市中央区南本町3-2-6,1350,20261003,1300,50
すき家,東京都,すき家 船堀駅前店,東京都江戸川区船堀3-5-7 船堀駅前トキビル1F,1330,20261003,1280,50
すき家,群馬県,すき家 前橋下小出店,群馬県前橋市下小出町1-8-13,1200,20261003,1150,50
すき家,群馬県,すき家 前橋下大島店,群馬県前橋市下大島町541,1200,20261003,1150,50
すき家,群馬県,すき家 前橋南店,群馬県前橋市南町2-46-6,1200,20261003,1150,50
すき家,群馬県,すき家 前橋堀越店,群馬県前橋市堀越町366-1,1200,20261003,1150,50
すき家,群馬県,すき家 前橋問屋町店,群馬県前橋市問屋町一丁目5番1 ,1200,20261003,1150,50
すき家,群馬県,すき家 前橋野中町店,群馬県前橋市野中町50-1,1200,20261003,1150,50
すき家,香川県,すき家 善通寺上吉田店,香川県善通寺市上吉田町393,1170,20261003,1120,50
すき家,鳥取県,すき家 倉吉伊木店,鳥取県倉吉市伊木241-18,1150,20261003,1070,80
すき家,岡山県,すき家 倉敷下庄店,岡山県倉敷市下庄619-5,1160,20261003,1100,60
すき家,岡山県,すき家 倉敷宮前店,岡山県倉敷市宮前357-2,1200,20261003,1170,30
すき家,岡山県,すき家 倉敷玉島店,岡山県倉敷市玉島1916番地1,1200,20261003,1170,30
すき家,岡山県,すき家 倉敷田ノ上店,岡山県倉敷市田ノ上939-1,1200,20261003,1170,30
すき家,東京都,すき家 早稲田南店,東京都新宿区早稲田町74 STビル1F,1320,20261003,1300,20
すき家,兵庫県,すき家 相生垣内店,兵庫県相生市垣内町1310-7,1200,20261003,1180,20
すき家,福島県,すき家 相馬沖ノ内店,福島県福島市沖ノ内一丁目8番3 ,1180,20261003,1150,30
すき家,神奈川,すき家 相模原共和店,神奈川県相模原市中央区共和3-6-17,1300,20261003,1225,75
すき家,神奈川,すき家 相模原小町通店,神奈川県相模原市中央区小町通2-4-12,1300,20261003,1260,40
すき家,神奈川,すき家 相模原上鶴間店,神奈川県相模原市南区上鶴間2-7-2,1300,20261003,1225,75
すき家,神奈川,すき家 相模原田名店,神奈川県相模原市中央区田名4679-10,1300,20261003,1225,75
すき家,神奈川,すき家 相模原緑が丘店,神奈川県相模原市中央区緑が丘1-46-28,1300,20261003,1225,75
すき家,神奈川,すき家 相模大野駅南口店,神奈川県相模原市南区相模大野8-2-6 第一島ビル1F,1290,20261003,1225,65
すき家,岡山県,すき家 総社井手店,岡山県総社市井手字清水角604-1,1180,20261003,1100,80
すき家,埼玉県,すき家 草加松江店,埼玉県草加市松江3-7-5,1250,20261003,1200,50
すき家,埼玉県,すき家 草加八幡店,埼玉県草加市八幡町26-1,1230,20261003,1200,30
すき家,東京都,すき家 蔵前駅前店,東京都台東区蔵前2-6-6,1400,20261003,1350,50
すき家,栃木県,すき家 足利南大町店,栃木県足利市南大町321-2,1150,20261003,1130,20
すき家,栃木県,すき家 足利芳町店,栃木県足利市芳町57-1,1150,20261003,1130,20
すき家,栃木県,すき家 足利葉鹿店,栃木県足利市葉鹿町1-29-3,1150,20261003,1130,20
すき家,東京都,すき家 足立一ツ家店,東京都足立区一ツ家1-15-6,1330,20261003,1280,50
すき家,東京都,すき家 足立栗原店,東京都足立区栗原4-9-6 荒堀ビル1F,1330,20261003,1280,50
すき家,東京都,すき家 足立鹿浜店,東京都足立区鹿浜2-34-17,1330,20261003,1280,50
すき家,東京都,すき家 足立西綾瀬店,東京都足立区西綾瀬3-11-13,1330,20261003,1280,50
すき家,東京都,すき家 足立扇店,東京都足立区扇2-26-42,1330,20261003,1280,50
すき家,東京都,すき家 足立入谷店,東京都足立区入谷7-1-7 フーファイゼンハウス1F,1350,20261003,1300,50
すき家,東京都,すき家 足立六木店,東京都足立区六木2-7-8,1330,20261003,1280,50
すき家,東京都,すき家 多摩乞田店,東京都多摩市乞田791-1,1300,20261003,1250,50
すき家,福岡県,すき家 太宰府向佐野店,福岡県太宰府市向佐野3-3-35,1160,20261003,1080,80
すき家,群馬県,すき家 太田新井店,群馬県太田市新井町549番3,1170,20261003,1120,50
すき家,群馬県,すき家 太田内ヶ島店,群馬県太田市内ヶ島町1492-5,1170,20261003,1120,50
すき家,群馬県,すき家 太田南矢島店,群馬県太田市南矢島町928-1,1170,20261003,1120,50
すき家,群馬県,すき家 太田尾島店,群馬県太田市阿久津町113-1,1170,20261003,1120,50
すき家,北海道,すき家 帯広西5条店,北海道帯広市西五条南二十四丁目2、4、6、8-1 ,1220,20261003,1200,20
すき家,静岡県,すき家 袋井川井店,静岡県袋井市川井字杉ノ木996-2,1230,20261003,1180,50
すき家,東京都,すき家 代々木一丁目店,東京都渋谷区代々木1-37-6,1430,20261003,1380,50
すき家,東京都,すき家 台東下谷店,東京都台東区下谷3-19-8,1380,20261003,1350,30
すき家,東京都,すき家 大井町一丁目店,東京都品川区大井1-16-2 ブリリア大井町ラヴィアンタワ-1F,1350,20261003,1300,50
すき家,岐阜県,すき家 大垣割田店,岐阜県大垣市割田3丁目124番1,1180,20261003,1130,50
すき家,岐阜県,すき家 大垣上面店,岐阜県大垣市上面4-1-1,1180,20261003,1130,50
すき家,秋田県,すき家 大館樹海店,秋田県大館市観音堂301番,1130,20261003,1050,80
すき家,東京都,すき家 大久保二丁目店,東京都新宿区大久保2-6-18,1350,20261003,1300,50
すき家,埼玉県,すき家 大宮清河寺店,埼玉県さいたま市西区清河寺字須場1232-5,1280,20261003,1250,30
すき家,大阪府,すき家 大国町駅前店,大阪府大阪市浪速区敷津東3-11-10 AKI難波ビル1F,1280,20261003,1250,30
すき家,大阪府,すき家 大阪港駅前店,大阪府大阪市港区築港3-6-13,1330,20261003,1280,50
すき家,大阪府,すき家 大阪鶴見今津北店,大阪府大阪市鶴見区今津北4-4-3,1280,20261003,1230,50
すき家,東京都,すき家 大崎シンクパーク店,東京都品川区大崎2丁目1-1 シンクパークタワー1F,1430,20261003,1380,50
すき家,京都府,すき家 大山崎IC店,京都府乙訓郡大山崎町字下植野小字五条本19番,1280,20261003,1200,80
すき家,東京都,すき家 大山東町店,東京都板橋区大山東町22-8,1330,20261003,1280,50
すき家,愛知県,すき家 大治西條店,愛知県海部郡大治町大字西條字坂牧島8-1,1210,20261003,1150,60
すき家,東京都,すき家 大森ベルポート店,東京都品川区南大井6-26-3 大森ベルポートD館1F,1350,20261003,1300,50
すき家,東京都,すき家 大森駅西口店,東京都大田区山王2-4-4,1350,20261003,1300,50
すき家,東京都,すき家 大森町駅前店,東京都大田区大森西3-25-7 エストジュール大森町1F、2F,1350,20261003,1300,50
すき家,東京都,すき家 大森北三丁目店,東京都大田区大森北3-1-13,1350,20261003,1300,50
すき家,大阪府,すき家 大正三軒家東店,大阪府大阪市大正区三軒家東4-6-12,1300,20261003,1250,50
すき家,大阪府,すき家 大正泉尾店,大阪府大阪市大正区泉尾5-1-4,1280,20261003,1250,30
すき家,群馬県,すき家 大泉中央店,群馬県邑楽郡大泉町中央1-7-20,1170,20261003,1120,50
すき家,神奈川,すき家 大船駅前店,神奈川県鎌倉市大船1-5-9 イトービル1F,1320,20261003,1300,20
すき家,岩手県,すき家 大船渡赤崎店,岩手県大船渡市赤崎町字諏訪前38-5,1220,20261003,1150,70
すき家,神奈川,すき家 大倉山駅前店,神奈川県横浜市港北区大倉山1-17-4 秋本庄次ビル1F,1350,20261003,1300,50
すき家,大阪府,すき家 大池橋店,大阪府大阪市生野区中川西3-10-10,1270,20261003,1250,20
すき家,東京都,すき家 大鳥居店,東京都大田区西糀谷3-21-2,1400,20261003,1350,50
すき家,滋賀県,すき家 大津下阪本店,滋賀県大津市下阪本三丁目6番33号,1200,20261003,1150,50
すき家,滋賀県,すき家 大津真野店,滋賀県大津市真野5-36-10,1150,20261003,1100,50
すき家,東京都,すき家 大田久が原店,東京都大田区久が原5-3-6,1350,20261003,1300,50
すき家,東京都,すき家 大田東邦医大通店,東京都大田区大森西1-8-17,1350,20261003,1300,50
すき家,東京都,すき家 大田南六郷店,東京都大田区南六郷2-34-7,1350,20261003,1300,50
すき家,愛知県,すき家 大府江端店,愛知県大府市江端町二丁目1番1,1230,20261003,1180,50
すき家,大分県,すき家 大分日岡店,大分県大分市日岡1-3-22 ,1140,20261003,1080,60
すき家,大分県,すき家 大分明野店,大分県大分市明野東2-32-26,1140,20261003,1100,40
すき家,福井県,すき家 大野友江店,福井県大野市友江12字西五反田6-1,1280,20261003,1200,80
すき家,神奈川,すき家 大和駅北口店,神奈川県大和市大和東1-3-12,1300,20261003,1225,75
すき家,宮城県,すき家 大和吉岡店,宮城県黒川郡大和町吉岡まほろば二丁目21番1・21番2 ,1150,20261003,1130,20
すき家,奈良県,すき家 大和高田神楽店,奈良県大和高田市神楽280-2,1180,20261003,1150,30
すき家,神奈川,すき家 大和中央店,神奈川県大和市深見西2-4-3,1300,20261003,1225,75
すき家,大阪府,すき家 谷町四丁目駅前店,大阪府大阪市中央区谷町3-5-5 アイドュビル1F,1330,20261003,1300,30
すき家,兵庫県,すき家 丹南篠山口IC店,兵庫県丹波篠山市網掛字十ノ坪403-1,1280,20261003,1220,60
すき家,兵庫県,すき家 丹波氷上町店,兵庫県丹波市氷上町本郷字上味亀290番他 ,1280,20261003,1220,60
すき家,広島県,すき家 段原店,広島県広島市南区段原3-3-32 シャルマン・S,1200,20261003,1150,50
すき家,山梨県,すき家 談合坂SA下り店,山梨県上野原市野田尻大野窪710 中央道談合坂SA下り線EXPASA内,1400,20261003,1350,50
すき家,愛知県,すき家 知多つつじが丘店,愛知県知多市つつじが丘1-19-11,1250,20261003,1200,50
すき家,神奈川,すき家 地下鉄弘明寺駅前店,神奈川県横浜市南区大岡2-3-1,1300,20261003,1250,50
すき家,東京都,すき家 池上通り中央店,東京都大田区中央7-3-1 カバヤビル1F,1350,20261003,1300,50
すき家,東京都,すき家 池袋サンシャイン前店,東京都豊島区東池袋4-25-9 タイムズステーション池袋,1400,20261003,1350,50
すき家,東京都,すき家 池袋西店,東京都豊島区西池袋2-39-11,1400,20261003,1350,50
すき家,東京都,すき家 築地四丁目店,東京都中央区築地4-12-2 シグネットビル1F,1350,20261003,1300,50
すき家,東京都,すき家 竹芝店,東京都港区海岸1-9-11,1430,20261003,1380,50
すき家,福岡県,すき家 筑紫野永岡店,福岡県筑紫野市大字永岡169-1,1130,20261003,1080,50
すき家,東京都,すき家 中葛西店,東京都江戸川区中葛西6-1-10 メゾンド佐久間II,1350,20261003,1300,50
すき家,大阪府,すき家 中環大日店,大阪府門真市向島3-35 ベアーズA棟,1280,20261003,1230,50
すき家,神奈川,すき家 中山駅南口店,神奈川県横浜市緑区台村町278-4 石渡フラワーセンタービル1F,1300,20261003,1225,75
すき家,神奈川,すき家 中山店,神奈川県横浜市緑区中山6-9-12,1300,20261003,1225,75
すき家,愛知県,すき家 中川山王駅前店,愛知県名古屋市中川区山王3-13-14,1230,20261003,1180,50
すき家,愛知県,すき家 中川篠原橋通店,愛知県名古屋市中川区篠原橋通3-4,1250,20261003,1200,50
すき家,愛知県,すき家 中川十番町店,愛知県名古屋市中川区十番町1-279,1250,20261003,1180,70
すき家,愛知県,すき家 中村烏森店,愛知県名古屋市中村区烏森町6-195,1250,20261003,1200,50
すき家,北海道,すき家 中標津店,北海道標津郡中標津町東6条南11-1-2,1300,20261003,1250,50
すき家,埼玉県,すき家 朝霞駅東口店,埼玉県朝霞市仲町2-2-34 工房朝霞ビル1F,1280,20261003,1230,50
すき家,埼玉県,すき家 朝霞駅南口店,埼玉県朝霞市本町2-3-18,1250,20261003,1230,20
すき家,埼玉県,すき家 朝霞溝沼店,埼玉県朝霞市溝沼488-2、489-1、490-2 ,1280,20261003,1230,50
すき家,埼玉県,すき家 朝霞朝志ヶ丘店,埼玉県朝霞市朝志ヶ丘4-7-19 アールフォンティーヌ1F,1280,20261003,1230,50
すき家,福岡県,すき家 朝倉甘木店,福岡県朝倉市一木626-1,1150,20261003,1100,50
すき家,神奈川,すき家 朝比奈店,神奈川県横浜市金沢区六浦4-11-34 サングレイスビル101,1300,20261003,1225,75
すき家,東京都,すき家 潮見店,東京都江東区潮見2-10-22,1400,20261003,1350,50
すき家,東京都,すき家 町田金井店,東京都町田市金井ヶ丘三丁目1番45号,1310,20261003,1280,30
すき家,東京都,すき家 町田高ヶ坂店,東京都町田市高ヶ坂6-4-1,1310,20261003,1280,30
すき家,東京都,すき家 町田根岸店,東京都町田市根岸二丁目33番10 ,1310,20261003,1250,60
すき家,東京都,すき家 町田小山店,東京都町田市小山町959-1,1310,20261003,1250,60
すき家,東京都,すき家 町田能ヶ谷店,東京都町田市能ヶ谷町7-12-11,1310,20261003,1280,30
すき家,東京都,すき家 調布入間店,東京都調布市入間町2-4-1,1320,20261003,1270,50
すき家,新潟県,すき家 長岡IC店,新潟県長岡市蓮潟1-1-53,1160,20261003,1100,60
すき家,新潟県,すき家 長岡宮内店,新潟県長岡市宮内町字山伏3350-1,1160,20261003,1100,60
すき家,京都府,すき家 長岡天神駅前店,京都府長岡京市天神1-1-2 マルオカビル1F,1230,20261003,1200,30
すき家,大阪府,すき家 長吉出戸店,大阪府大阪市平野区長吉出戸5-3-62,1250,20261003,1200,50
すき家,大阪府,すき家 長居店,大阪府大阪市住吉区長居東4-21-2 泉第2ハイツ,1300,20261003,1250,50
すき家,東京都,すき家 長原駅東店,東京都大田区上池台1-44-1 ライオンズマンション102,1350,20261003,1300,50
すき家,長崎県,すき家 長崎滑石店,長崎県長崎市大園町5-1,1120,20261003,1080,40
すき家,長崎県,すき家 長崎大学前店,長崎県長崎市家野町1-5,1130,20261003,1050,80
すき家,長崎県,すき家 長崎銅座町店,長崎県長崎市銅座町6-1 銅座松尾ビル1F,1120,20261003,1080,40
すき家,静岡県,すき家 長泉下土狩店,静岡県駿東郡長泉町下土狩429-1-1,1220,20261003,1150,70
すき家,神奈川,すき家 長津田みなみ台店,神奈川県横浜市緑区長津田みなみ台1-38-6,1300,20261003,1250,50
すき家,兵庫県,すき家 長田浜添通店,兵庫県神戸市長田区浜添通6-1-25,1200,20261003,1180,20
すき家,滋賀県,すき家 長浜川崎店,滋賀県長浜市川崎町字下庄司町222番地,1250,20261003,1200,50
すき家,大阪府,すき家 長堀橋駅南店,大阪府大阪市中央区島之内1-21-19 協和島之内ビル1F,1350,20261003,1300,50
すき家,長野県,すき家 長野SBC通り店,長野県長野市上松1-16-41,1220,20261003,1150,70
すき家,長野県,すき家 長野稲里店,長野県長野市稲里町中氷鉋599,1280,20261003,1220,60
すき家,長野県,すき家 長野七瀬店,長野県長野市鶴賀七瀬南部320-1,1280,20261003,1200,80
すき家,鳥取県,すき家 鳥取安長店,鳥取県鳥取市安長167-1,1150,20261003,1070,80
すき家,鳥取県,すき家 鳥取南吉方店,鳥取県鳥取市南吉方2-25,1150,20261003,1070,80
すき家,三重県,すき家 津IC店,三重県津市西古河町19-13,1180,20261003,1100,80
すき家,岡山県,すき家 津山小田中店,岡山県津山市小田中1309-10,1180,20261003,1120,60
すき家,三重県,すき家 津上浜町店,三重県津市上浜町6-101-3,1180,20261003,1100,80
すき家,香川県,すき家 津田の松原SA下り店,香川県さぬき市津田町鶴羽939-1,1150,20261003,1070,80
すき家,香川県,すき家 津田の松原SA上り店,香川県さぬき市津田町鶴羽935-5,1150,20261003,1070,80
すき家,愛知県,すき家 津島神守店,愛知県津島市神守町字元屋敷153,1210,20261003,1150,60
すき家,神奈川,すき家 追浜駅前店,神奈川県横須賀市追浜町3-8,1280,20261003,1225,55
すき家,神奈川,すき家 辻堂店,神奈川県藤沢市辻堂東海岸1-2-1,1300,20261003,1280,20
すき家,神奈川,すき家 鶴ヶ峰駅前店,神奈川県横浜市旭区鶴ヶ峰2-82-1 ココロット鶴ヶ峰1F,1300,20261003,1225,75
すき家,山形県,すき家 鶴岡西新斎店,山形県鶴岡市西新斎町7-9,1220,20261003,1180,40
すき家,神奈川,すき家 鶴屋町店,神奈川県横浜市神奈川区鶴屋町2-11-6,1380,20261003,1360,20
すき家,神奈川,すき家 鶴見市場駅前店,神奈川県横浜市鶴見区市場大和町8-8 戸川ビル1F,1380,20261003,1350,30
すき家,神奈川,すき家 鶴見総合高校前店,神奈川県横浜市鶴見区栄町通1丁目10番地15 ラメッゾ1F,1320,20261003,1300,20
すき家,神奈川,すき家 鶴見中央店,神奈川県横浜市鶴見区鶴見中央4-32-16,1320,20261003,1300,20
すき家,神奈川,すき家 鶴見豊岡町店,神奈川県横浜市鶴見区豊岡町40-20,1300,20261003,1225,75
すき家,埼玉県,すき家 鶴瀬駅西口店,埼玉県富士見市鶴馬2602-2 鶴瀬駅西口ビル1F,1250,20261003,1200,50
すき家,愛知県,すき家 鶴里駅南店,愛知県名古屋市南区鶴里町1-61,1250,20261003,1200,50
すき家,大阪府,すき家 天下茶屋駅前店,大阪府大阪市西成区岸里1-1-79 とれび天下茶屋,1270,20261003,1250,20
すき家,福岡県,すき家 天神南駅東店,福岡県福岡市中央区渡辺通5-2-27 ,1200,20261003,1130,70
すき家,山形県,すき家 天童東芳賀店,山形県天童市東芳賀3-2-15,1130,20261003,1080,50
すき家,東京都,すき家 田園調布店,東京都大田区田園調布本町40-6の一部 ,1400,20261003,1350,50
すき家,北海道,すき家 登別新生町店,北海道登別市新生町4-16-4,1250,20261003,1200,50
すき家,神奈川,すき家 都筑ふれあいの丘店,神奈川県横浜市都筑区荏田南1-1,1380,20261003,1330,50
すき家,神奈川,すき家 都筑東山田店,神奈川県横浜市都筑区東山田3-18-5,1350,20261003,1300,50
すき家,大阪府,すき家 都島IC店,大阪府大阪市都島区高倉町3-14-27,1250,20261003,1240,10
すき家,大阪府,すき家 都島本通店,大阪府大阪市都島区都島本通3-20-1,1250,20261003,1240,10
すき家,茨城県,すき家 土浦荒川沖店,茨城県土浦市荒川沖東2-17-10,1190,20261003,1130,60
すき家,茨城県,すき家 土浦店,茨城県土浦市東崎町11-3,1190,20261003,1150,40
すき家,佐賀県,すき家 唐津栄町店,佐賀県唐津市栄町2581-1 ,1150,20261003,1130,20
すき家,静岡県,すき家 島田井口店,静岡県島田市井口840,1250,20261003,1200,50
すき家,東京都,すき家 東雲晴海通り店,東京都江東区東雲1-6-17,1400,20261003,1350,50
すき家,兵庫県,すき家 東園田店,兵庫県尼崎市東園田町4-63-1,1250,20261003,1210,40
すき家,愛知県,すき家 東海加木屋店,愛知県東海市加木屋町大清水77-1,1230,20261003,1180,50
すき家,神奈川,すき家 東海大前店,神奈川県秦野市南矢名3-12-3,1280,20261003,1225,55
すき家,愛知県,すき家 東海大池公園店,愛知県東海市富貴ノ台6-129,1280,20261003,1250,30
すき家,茨城県,すき家 東海店,茨城県那珂郡東海村村松1151-6,1200,20261003,1180,20
すき家,東京都,すき家 東久留米下里店,東京都東久留米市下里2-6-7,1320,20261003,1280,40
すき家,東京都,すき家 東京駅京橋店,東京都中央区京橋1-1-9 レオ八重洲ビル,1400,20261003,1350,50
すき家,愛知県,すき家 東郷三ツ池店,愛知県愛知郡東郷町三ツ池2-3-5,1230,20261003,1180,50
すき家,滋賀県,すき家 東近江能登川店,滋賀県東近江市垣見町523-1,1200,20261003,1150,50
すき家,広島県,すき家 東広島八本松店,広島県東広島市八本松東2-10-8,1180,20261003,1120,60
すき家,東京都,すき家 東高円寺駅前店,東京都杉並区高円寺南1-7-1 陽輪台高円寺1F,1330,20261003,1280,50
すき家,大阪府,すき家 東住吉杭全店,大阪府大阪市東住吉区杭全5-13-7,1270,20261003,1250,20
すき家,東京都,すき家 東十条三丁目店,東京都北区東十条3-15-12 シティハイツ東十条103,1330,20261003,1300,30
すき家,埼玉県,すき家 東松山店,埼玉県東松山市上野本1164-1,1250,20261003,1200,50
すき家,神奈川,すき家 東神奈川駅東口店,神奈川県横浜市神奈川区東神奈川1-10-1 1F,1300,20261003,1225,75
すき家,東京都,すき家 東村山秋津店,東京都東村山市秋津町3-47-3,1300,20261003,1250,50
すき家,埼玉県,すき家 東大宮駅前店,埼玉県さいたま市見沼区東大宮5-1-2 東大宮東口扶桑ビル1F,1250,20261003,1200,50
すき家,大阪府,すき家 東大阪加納店,大阪府東大阪市加納8-24-7,1250,20261003,1200,50
すき家,大阪府,すき家 東大阪高井田店,大阪府東大阪市高井田本通7-1-30,1250,20261003,1230,20
すき家,大阪府,すき家 東大阪菱屋西店,大阪府東大阪市菱屋西6-9-15,1250,20261003,1200,50
すき家,大阪府,すき家 東大阪菱屋東店,大阪府東大阪市菱屋東2-3-29,1250,20261003,1200,50
すき家,東京都,すき家 東池袋五丁目店,東京都豊島区東池袋5-7-7 金誠堂ビル1F,1350,20261003,1300,50
すき家,東京都,すき家 東池袋店,東京都豊島区東池袋1-31-1 バロックコート101号室,1400,20261003,1350,50
すき家,神奈川,すき家 東白楽駅前店,神奈川県横浜市神奈川区白楽4-6 ハートビル,1300,20261003,1225,75
すき家,埼玉県,すき家 東武蒲生駅前店,埼玉県越谷市蒲生寿町16-18,1250,20261003,1200,50
すき家,埼玉県,すき家 東武谷塚駅前店,埼玉県草加市谷塚1-1-22,1230,20261003,1200,30
すき家,京都府,すき家 東舞鶴白鳥店,京都府舞鶴市字森小字ムシウ218-1,1280,20261003,1230,50
すき家,大阪府,すき家 東淀川菅原店,大阪府大阪市東淀川区菅原7-5-31,1280,20261003,1240,40
すき家,大阪府,すき家 東淀川大桐店,大阪府大阪市東淀川区大桐1-7-8,1250,20261003,1240,10
すき家,神奈川,すき家 藤が丘駅前店,神奈川県横浜市青葉区藤が丘2-5-1,1300,20261003,1250,50
すき家,大阪府,すき家 藤井寺駅前店,大阪府藤井寺市岡2-8-46 アコールアン1F,1240,20261003,1200,40
すき家,群馬県,すき家 藤岡篠塚店,群馬県藤岡市篠塚66-1 ,1200,20261003,1150,50
すき家,静岡県,すき家 藤枝水守店,静岡県藤枝市水守3丁目1番地1,1230,20261003,1180,50
すき家,静岡県,すき家 藤枝田沼店,静岡県藤枝市田沼4-7-10,1250,20261003,1180,70
すき家,神奈川,すき家 藤沢湘南台店,神奈川県藤沢市湘南台4-14-4,1310,20261003,1225,85
すき家,神奈川,すき家 藤沢菖蒲沢店,神奈川県藤沢市菖蒲沢730-1,1330,20261003,1300,30
すき家,大阪府,すき家 道頓堀東店,大阪府大阪市中央区道頓堀1-1-11 K-24ビル1F,1350,20261003,1300,50
すき家,石川県,すき家 徳光ハイウェイオアシス店,石川県白山市徳光町2398番1,1300,20261003,1250,50
すき家,徳島県,すき家 徳島住吉店,徳島県徳島市住吉4-41,1160,20261003,1080,80
すき家,徳島県,すき家 徳島大原店,徳島県徳島市大原町千代ケ丸山5-1,1180,20261003,1150,30
すき家,栃木県,すき家 栃木店,栃木県栃木市箱森町41-5 ,1200,20261003,1150,50
すき家,栃木県,すき家 栃木箱森店,栃木県栃木市栃木市箱森町 ,1200,20261003,1150,50
すき家,奈良県,すき家 奈良七条店,奈良県奈良市七条町164-1,1200,20261003,1150,50
すき家,奈良県,すき家 奈良富雄店,奈良県奈良市三碓7-1-23,1180,20261003,1150,30
すき家,沖縄県,すき家 那覇おもろまち店,沖縄県那覇市おもろまち3丁目6番8,1150,20261003,1100,50
すき家,沖縄県,すき家 那覇久米店,沖縄県那覇市久米1丁目7番16号,1120,20261003,1100,20
すき家,沖縄県,すき家 那覇曙店,沖縄県那覇市曙2-23-1,1120,20261003,1080,40
すき家,沖縄県,すき家 那覇真嘉比店,沖縄県那覇市真嘉比3-15-16,1180,20261003,1150,30
すき家,大阪府,すき家 内環状守口太子橋店,大阪府守口市緑町3-12,1280,20261003,1240,40
すき家,大阪府,すき家 内環状新深江店,大阪府大阪市東成区深江南2-12-22,1250,20261003,1200,50
すき家,兵庫県,すき家 灘中郷店,兵庫県神戸市灘区中郷町3-2-13,1230,20261003,1200,30
すき家,山梨県,すき家 南アルプス桃園店,山梨県南アルプス市桃園1695,1280,20261003,1200,80
すき家,埼玉県,すき家 南浦和駅東口店,埼玉県さいたま市南区南浦和二丁目38番1号 北原ビル1階,1230,20261003,1200,30
すき家,東京都,すき家 南葛西店,東京都江戸川区南葛西2-2-2 第2サクマビル1F,1330,20261003,1300,30
すき家,山口県,すき家 南岩国店,山口県岩国市尾津町2-20-33,1150,20261003,1100,50
すき家,大阪府,すき家 南港ATC店,大阪府大阪市住之江区南港北2-1-10 O&#39;s215区画,1350,20261003,1320,30
すき家,高知県,すき家 南国BP店,高知県南国市明見字大政所960-1,1150,20261003,1070,80
すき家,東京都,すき家 南砂店,東京都江東区南砂5-14-6 ,1400,20261003,1350,50
すき家,宮城県,すき家 南仙台柳生店,宮城県仙台市太白区柳生1-3-9,1150,20261003,1100,50
すき家,大阪府,すき家 南船場店,大阪府大阪市中央区南船場2-2-10,1330,20261003,1300,30
すき家,滋賀県,すき家 南草津店,滋賀県草津市野路6-8-22,1200,20261003,1150,50
すき家,兵庫県,すき家 南塚口七丁目店,兵庫県尼崎市南塚口町7-6-19,1200,20261003,1180,20
すき家,富山県,すき家 南砺高儀店,富山県南砺市高儀2番1 ,1350,20261003,1300,50
すき家,千葉県,すき家 南柏駅前店,千葉県柏市南柏一丁目1番1号,1230,20261003,1200,30
すき家,兵庫県,すき家 南武庫之荘店,兵庫県尼崎市南武庫之荘4-19-10,1200,20261003,1180,20
すき家,山形県,すき家 南陽警察署西店,山形県南陽市椚塚字山崎1684-1,1130,20261003,1080,50
すき家,千葉県,すき家 南流山店,千葉県流山市南流山7-1-10,1280,20261003,1230,50
すき家,大阪府,すき家 難波元町店,大阪府大阪市浪速区難波中3-6-12 ナンバグランドビル,1330,20261003,1280,50
すき家,神奈川,すき家 二宮店,神奈川県中郡二宮町二宮1352-4,1300,20261003,1225,75
すき家,福島県,すき家 二本松店,福島県二本松市松岡265-10,1150,20261003,1080,70
すき家,兵庫県,すき家 尼崎浜田店,兵庫県尼崎市浜田4-41-1,1250,20261003,1180,70
すき家,広島県,すき家 廿日市宮内店,広島県廿日市市宮内三丁目5番37号,1200,20261003,1150,50
すき家,東京都,すき家 日の出IC店,東京都西多摩郡日の出町平井15-16,1340,20261003,1280,60
すき家,神奈川,すき家 日ノ出町駅前店,神奈川県横浜市中区日ノ出町1-51 日ノ出町サクアス 1階,1300,20261003,1250,50
すき家,埼玉県,すき家 日高鹿山店,埼玉県日高市鹿山247-5,1250,20261003,1200,50
すき家,鹿児島,すき家 日置伊集院店,鹿児島県日置市伊集院町郡一丁目69番1、69番2,1130,20261003,1050,80
すき家,東京都,すき家 日本橋小伝馬町店,東京都中央区日本橋小伝馬町15-18 EDGE小伝馬町ビル1F,1350,20261003,1300,50
すき家,東京都,すき家 日野大坂上店,東京都日野市大坂上1-29-2-1,1300,20261003,1250,50
すき家,東京都,すき家 日野南平店,東京都日野市南平4-40-1,1300,20261003,1250,50
すき家,茨城県,すき家 日立田尻店,茨城県日立市田尻町4-6-7,1200,20261003,1130,70
すき家,石川県,すき家 能美寺井店,石川県能美市寺井町ロ54番1、55番1 ,1280,20261003,1200,80
すき家,千葉県,すき家 馬込沢駅前店,千葉県船橋市藤原7-2-2 Luz船橋1F,1250,20261003,1200,50
すき家,東京都,すき家 梅屋敷駅東店,東京都大田区東蒲田1-1-1 プラムパーク嶋田1F,1350,20261003,1300,50
すき家,大阪府,すき家 梅田茶屋町店,大阪府大阪市北区茶屋町1-52 コモド梅田ビル1F,1350,20261003,1320,30
すき家,大阪府,すき家 梅田堂山店,大阪府大阪市北区堂山町15-15,1350,20261003,1320,30
すき家,福岡県,すき家 博多BP店,福岡県福岡市東区原田3-9-22,1130,20261003,1100,30
すき家,福岡県,すき家 博多駅前四丁目店,福岡県福岡市博多区博多駅前4-3-22 産恵ビル1F,1140,20261003,1130,10
すき家,大阪府,すき家 柏原片山店,大阪府柏原市片山町14-1,1250,20261003,1200,50
すき家,千葉県,すき家 柏篠籠田店,千葉県流山市駒木205-1,1230,20261003,1200,30
すき家,千葉県,すき家 柏十余二店,千葉県柏市市十余二380-60 ,1250,20261003,1200,50
すき家,千葉県,すき家 柏松葉町店,千葉県柏市松葉町7-36-1,1230,20261003,1200,30
すき家,千葉県,すき家 柏増尾台店,千葉県柏市増尾台4-13-4,1250,20261003,1230,20
すき家,埼玉県,すき家 白岡岡泉店,埼玉県白岡市太田新井1187-4,1250,20261003,1200,50
すき家,石川県,すき家 白山横江店,石川県白山市横江町土地区画整理事業施工地区内5街区11番,1250,20261003,1200,50
すき家,北海道,すき家 函館漁火通店,北海道函館市広野町3-3,1250,20261003,1200,50
すき家,北海道,すき家 函館鍛治店,北海道函館市鍛治2-9-11,1220,20261003,1200,20
すき家,東京都,すき家 幡ヶ谷駅前店,東京都渋谷区幡ヶ谷1-33-1 シャトーフタバ1F,1350,20261003,1300,50
すき家,東京都,すき家 八王子みなみ野駅前店,東京都八王子市みなみ野1-3-1,1310,20261003,1280,30
すき家,東京都,すき家 八王子小宮店,東京都八王子市小宮町924-1,1300,20261003,1270,30
すき家,東京都,すき家 八王子東町店,東京都八王子市東町5-5,1310,20261003,1280,30
すき家,東京都,すき家 八王子楢原店,東京都八王子市楢原町397-5,1310,20261003,1250,60
すき家,東京都,すき家 八王子南店,東京都八王子市越野25-34,1300,20261003,1250,50
すき家,東京都,すき家 八王子平岡店,東京都八王子市平岡町25-2,1310,20261003,1250,60
すき家,東京都,すき家 八王子椚田店,東京都八王子市椚田町553番20 ,1300,20261003,1250,50
すき家,青森県,すき家 八戸根城店,青森県八戸市根城3-4-5,1090,20261003,1050,40
すき家,愛知県,すき家 八事店,愛知県名古屋市昭和区広路町石坂38-1 フィオーレ八事,1210,20261003,1150,60
すき家,千葉県,すき家 八千代高津店,千葉県八千代市高津東1-6-18,1230,20261003,1180,50
すき家,千葉県,すき家 八千代村上店,千葉県八千代市村上南3-2-4,1230,20261003,1200,30
すき家,熊本県,すき家 八代新地町店,熊本県八代市新地町10-2,1180,20261003,1100,80
すき家,東京都,すき家 八丁堀四丁目店,東京都中央区八丁堀4-8-2 いちご桜橋ビル1F,1400,20261003,1350,50
すき家,埼玉県,すき家 八潮西袋店,埼玉県八潮市西袋1030-1,1250,20261003,1230,20
すき家,埼玉県,すき家 八潮南川崎店,埼玉県八潮市南川崎590-1,1250,20261003,1230,20
すき家,京都府,すき家 八幡軸店,京都府八幡市八幡軸47番1、47番6、47番5の一部 ,1250,20261003,1200,50
すき家,福岡県,すき家 八幡東枝光店,福岡県北九州市八幡東区枝光1-5,1130,20261003,1080,50
すき家,大阪府,すき家 八尾山賀店,大阪府八尾市山賀町1-37,1250,20261003,1200,50
すき家,大阪府,すき家 八尾青山店,大阪府八尾市青山町4-2-38,1250,20261003,1200,50
すき家,大阪府,すき家 八尾南木の本店,大阪府八尾市南木の本4-101-1,1250,20261003,1230,20
すき家,埼玉県,すき家 鳩ヶ谷里店,埼玉県川口市里466-1,1250,20261003,1200,50
すき家,愛知県,すき家 半田州の崎店,愛知県半田市州の崎町2-182,1250,20261003,1180,70
すき家,兵庫県,すき家 板宿店,兵庫県神戸市須磨区大黒町3-3-26 山本ビル,1200,20261003,1180,20
すき家,福岡県,すき家 飯塚市役所前店,福岡県飯塚市新飯塚20-24,1130,20261003,1080,50
すき家,静岡県,すき家 磐田一言店,静岡県磐田市一言2626-1,1250,20261003,1180,70
すき家,静岡県,すき家 磐田岩井店,静岡県磐田市岩井2339,1220,20261003,1160,60
すき家,静岡県,すき家 磐田二之宮店,静岡県磐田市二之宮332-1,1250,20261003,1200,50
すき家,東京都,すき家 飛田給店,東京都調布市飛田給1-23-38 荒井ビル,1320,20261003,1280,40
すき家,愛知県,すき家 尾西篭屋店,愛知県一宮市篭屋1-2-22,1230,20261003,1200,30
すき家,愛知県,すき家 尾張旭バロー城山店,愛知県尾張旭市北原山土地区画整理地内1街区2,1210,20261003,1150,60
すき家,徳島県,すき家 美馬脇町店,徳島県美馬市脇町大字猪尻字東分63-1,1180,20261003,1120,60
すき家,滋賀県,すき家 彦根店,滋賀県彦根市大藪町20,1150,20261003,1100,50
すき家,兵庫県,すき家 姫路継店,兵庫県姫路市継205-1,1200,20261003,1180,20
すき家,兵庫県,すき家 姫路広畑店,兵庫県姫路市広畑区吾妻町2丁目48番,1230,20261003,1200,30
すき家,兵庫県,すき家 姫路中地店,兵庫県姫路市飾磨区構2-112,1200,20261003,1180,20
すき家,兵庫県,すき家 姫路辻井店,兵庫県姫路市辻井5丁目9番10号,1200,20261003,1180,20
すき家,京都府,すき家 百万遍店,京都府京都市左京区田中門前町28-20 ドムス百万遍,1200,20261003,1150,50
すき家,東京都,すき家 氷川台駅前店,東京都練馬区氷川台3-40-15 氷川ガーデンハウス1F,1320,20261003,1300,20
すき家,東京都,すき家 品川東店,東京都港区港南2-2-3 Mビル1F,1450,20261003,1400,50
すき家,静岡県,すき家 浜松駅南口店,静岡県浜松市中央区砂山町324-8 第一伊藤ビル1F,1220,20261003,1180,40
すき家,静岡県,すき家 浜松三方原店,静岡県浜松市中央区三方原町795-5,1220,20261003,1180,40
すき家,静岡県,すき家 浜松志都呂店,静岡県浜松市中央区志都呂2-20-24,1230,20261003,1200,30
すき家,静岡県,すき家 浜松西IC店,静岡県浜松市中央区湖東町5926-2,1250,20261003,1220,30
すき家,静岡県,すき家 浜松鍛冶町店,静岡県浜松市中央区鍛冶町320-20 有楽ビル1F,1220,20261003,1180,40
すき家,静岡県,すき家 浜松中田店,静岡県浜松市中央区中田町509,1270,20261003,1250,20
すき家,静岡県,すき家 浜松頭陀寺店,静岡県浜松市中央区頭陀寺町332-19,1250,20261003,1200,50
すき家,滋賀県,すき家 浜大津店,滋賀県大津市浜大津4丁目7番10号,1200,20261003,1150,50
すき家,静岡県,すき家 浜北美薗店,静岡県浜松市浜名区西美薗2519-2,1270,20261003,1250,20
すき家,東京都,すき家 不動前駅西店,東京都品川区西五反田4-29-14 オザワSANTビル1F,1350,20261003,1300,50
すき家,富山県,すき家 富山下冨居店,富山県富山市下冨居二丁目13番77号,1300,20261003,1250,50
すき家,富山県,すき家 富山掛尾店,富山県富山市掛尾町401-3,1280,20261003,1250,30
すき家,富山県,すき家 富山五福店,富山県富山市五福字中割2325-3,1150,20261003,1120,30
すき家,富山県,すき家 富山呉羽店,富山県富山市本郷東部9-1,1280,20261003,1200,80
すき家,富山県,すき家 富山中川原店,富山県富山市秋吉194-9,1300,20261003,1250,50
すき家,山梨県,すき家 富士吉田赤富士通り店,山梨県富士吉田市上吉田東2丁目1-50,1400,20261003,1350,50
すき家,静岡県,すき家 富士宮店,静岡県富士宮市ひばりが丘1155,1210,20261003,1160,50
すき家,埼玉県,すき家 富士見下南畑店,埼玉県富士見市下南畑字島崎5006-4,1280,20261003,1200,80
すき家,埼玉県,すき家 富士見鶴瀬店,埼玉県富士見市上沢1-18-60,1280,20261003,1200,80
すき家,静岡県,すき家 富士厚原店,静岡県富士市厚原99-5,1200,20261003,1160,40
すき家,静岡県,すき家 富士今泉店,静岡県富士市今泉1-70-4,1210,20261003,1200,10
すき家,大阪府,すき家 富田林小金台店,大阪府富田林市小金台1-3-10,1240,20261003,1200,40
すき家,大阪府,すき家 富田林川面店,大阪府富田林市川面町2-4-16,1240,20261003,1200,40
すき家,東京都,すき家 府中けやき並木通り店,東京都府中市宮西町2-2 1F,1310,20261003,1270,40
すき家,東京都,すき家 府中栄店,東京都府中市栄町2-22-1,1310,20261003,1270,40
すき家,東京都,すき家 府中浅間店,東京都府中市浅間町4-19-1,1320,20261003,1280,40
すき家,東京都,すき家 府中本宿店,東京都府中市本宿町4-29-1,1310,20261003,1270,40
すき家,愛知県,すき家 扶桑柏森店,愛知県丹羽郡扶桑町大字柏森字西屋敷156-1,1230,20261003,1150,80
すき家,東京都,すき家 武蔵境北口店,東京都武蔵野市境2-3-26,1300,20261003,1250,50
すき家,東京都,すき家 武蔵小金井南口店,東京都小金井市本町6-14-45 O.Sビル1F,1300,20261003,1250,50
すき家,東京都,すき家 武蔵小金井北口店,東京都小金井市本町5-18-5 第55東京ビル,1300,20261003,1250,50
すき家,東京都,すき家 武蔵小山店,東京都品川区小山3-25-13,1400,20261003,1350,50
すき家,東京都,すき家 武蔵村山伊奈平店,東京都武蔵村山市伊奈平4丁目9,1340,20261003,1280,60
すき家,愛知県,すき家 武豊IC店,愛知県知多郡武豊町嶋田58-200,1230,20261003,1180,50
すき家,京都府,すき家 伏見新堀川店,京都府京都市伏見区下鳥羽六反長町112,1200,20261003,1150,50
すき家,京都府,すき家 伏見石田店,京都府京都市伏見区石田西ノ坪1-9,1200,20261003,1150,50
すき家,愛知県,すき家 伏見通り栄店,愛知県名古屋市中区栄1-24-7,1280,20261003,1250,30
すき家,福井県,すき家 福井春江店,福井県坂井市春江町江留下宇和江48,1280,20261003,1200,80
すき家,福井県,すき家 福井大島店,福井県福井市大島町1字北蔵207番,1250,20261003,1200,50
すき家,福井県,すき家 福井日光店,福井県福井市日光2-27-13,1200,20261003,1150,50
すき家,福井県,すき家 福井和田店,福井県福井市和田2丁目110番地,1220,20261003,1150,70
すき家,福岡県,すき家 福岡志免店,福岡県糟屋郡志免町志免東3-1-12,1130,20261003,1070,60
すき家,福岡県,すき家 福岡拾六町店,福岡県福岡市西区拾六町1-25-8,1160,20261003,1100,60
すき家,福岡県,すき家 福岡西月隈店,福岡県福岡市博多区西月隈三丁目9番4号,1130,20261003,1100,30
すき家,福岡県,すき家 福岡中尾店,福岡県福岡市南区中尾三丁目40番14号,1130,20261003,1070,60
すき家,福岡県,すき家 福岡土井店,福岡県福岡市東区土井1丁目372番16,1130,20261003,1070,60
すき家,福岡県,すき家 福岡博多駅南店,福岡県福岡市博多区博多駅南5-22-16,1130,20261003,1100,30
すき家,福岡県,すき家 福岡舞鶴店,福岡県福岡市中央区舞鶴1-2-12,1160,20261003,1130,30
すき家,福岡県,すき家 福岡片江店,福岡県福岡市城南区片江1-24-22,1120,20261003,1080,40
すき家,福岡県,すき家 福岡姪浜店,福岡県福岡市西区姪の浜六丁目2番4号,1130,20261003,1070,60
すき家,福岡県,すき家 福岡和白店,福岡県福岡市東区和白1-1-21,1130,20261003,1080,50
すき家,兵庫県,すき家 福崎店,兵庫県神崎郡福崎町南田原字ハツグロ2970-1,1230,20261003,1180,50
すき家,広島県,すき家 福山蔵王店,広島県福山市南蔵王町5-16-23,1200,20261003,1120,80
すき家,広島県,すき家 福山多治米店,広島県福山市多治米町5-28-13,1200,20261003,1120,80
すき家,東京都,すき家 福生店,東京都福生市加美平1-19-7,1300,20261003,1250,50
すき家,京都府,すき家 福知山東野パーク店,京都府福知山市字土小字東野1117-594,1280,20261003,1230,50
すき家,神奈川,すき家 淵野辺北口店,神奈川県相模原市中央区淵野辺3-19-11 大黒屋ビル1F,1300,20261003,1225,75
すき家,東京都,すき家 文京白山店,東京都文京区向丘1-10-4,1350,20261003,1300,50
すき家,神奈川,すき家 平塚松風店,神奈川県平塚市松風町11-20,1300,20261003,1225,75
すき家,神奈川,すき家 平塚上平塚店,神奈川県平塚市上平塚1-54,1300,20261003,1260,40
すき家,神奈川,すき家 平塚店,神奈川県平塚市平塚1-9-26,1300,20261003,1225,75
すき家,神奈川,すき家 平塚豊田店,神奈川県平塚市豊田本郷1740-1,1300,20261003,1250,50
すき家,鳥取県,すき家 米子中央店,鳥取県米子市西福原1-1-45,1180,20261003,1100,80
すき家,愛知県,すき家 碧南善明店,愛知県碧南市善明町1-37-1,1250,20261003,1230,20
すき家,大阪府,すき家 弁天町みなと通店,大阪府大阪市港区磯路1-1-7 灘浜ビル,1280,20261003,1250,30
すき家,神奈川,すき家 保土ヶ谷今井店,神奈川県横浜市保土ケ谷区今井町600-1,1300,20261003,1270,30
すき家,兵庫県,すき家 宝塚安倉店,兵庫県宝塚市安倉西4-608,1230,20261003,1180,50
すき家,兵庫県,すき家 宝塚小林店,兵庫県宝塚市小林5-9-100,1200,20261003,1180,20
すき家,兵庫県,すき家 宝塚中筋店,兵庫県宝塚市中筋6-13-22,1200,20261003,1180,20
すき家,奈良県,すき家 宝来店,奈良県奈良市菅原町556-1,1180,20261003,1150,30
すき家,新潟県,すき家 豊栄北陽店,新潟県新潟市北区北陽1-2480-9 ,1160,20261003,1100,60
すき家,兵庫県,すき家 豊岡野田店,兵庫県豊岡市野田95-1,1250,20261003,1230,20
すき家,愛知県,すき家 豊橋運動公園前店,愛知県豊橋市豊岡町143-1,1230,20261003,1180,50
すき家,愛知県,すき家 豊橋広小路店,愛知県豊橋市広小路1-37,1230,20261003,1180,50
すき家,愛知県,すき家 豊橋柱店,愛知県豊橋市柱三番町110,1230,20261003,1180,50
すき家,愛知県,すき家 豊橋浜道店,愛知県豊橋市浜道町字浜道96-5,1230,20261003,1180,50
すき家,沖縄県,すき家 豊見城名嘉地店,沖縄県豊見城市名嘉地277-2,1150,20261003,1100,50
すき家,東京都,すき家 豊洲四丁目店,東京都江東区豊洲4-8-14,1400,20261003,1350,50
すき家,愛知県,すき家 豊川中央通店,愛知県豊川市中央通2-57-1,1230,20261003,1200,30
すき家,大阪府,すき家 豊中熊野町店,大阪府豊中市熊野町1-7-15,1250,20261003,1210,40
すき家,大阪府,すき家 豊中曽根店,大阪府豊中市曽根南町3-19-24,1280,20261003,1210,70
すき家,大阪府,すき家 豊中浜店,大阪府豊中市浜4-3-7-2,1250,20261003,1210,40
すき家,東京都,すき家 豊田駅前店,東京都日野市多摩平1-2-26 シンデレラビル1F,1310,20261003,1250,60
すき家,愛知県,すき家 豊田吉原店,愛知県豊田市吉原町向イ野8-5,1250,20261003,1200,50
すき家,愛知県,すき家 豊田曙店,愛知県豊田市曙町2-81-1,1250,20261003,1200,50
すき家,愛知県,すき家 豊田堤本町店,愛知県豊田市堤本町本地8-3,1250,20261003,1200,50
すき家,愛知県,すき家 豊明栄町店,愛知県豊明市栄町大根1番地1665,1250,20261003,1200,50
すき家,愛知県,すき家 豊明沓掛町店,愛知県豊明市沓掛町荒井16番地6,1250,20261003,1200,50
すき家,茨城県,すき家 鉾田店,茨城県鉾田市塔ヶ崎1017-1,1180,20261003,1100,80
すき家,山口県,すき家 防府新田店,山口県防府市大字新田573-1,1150,20261003,1100,50
すき家,山口県,すき家 防府南松崎店,山口県防府市南松崎町1-1 ,1150,20261003,1100,50
すき家,福岡県,すき家 北九州空港通り店,福岡県京都郡苅田町大字苅田3787-11,1180,20261003,1150,30
すき家,千葉県,すき家 北小金駅前店,千葉県松戸市小金1番地 ピコティ東館1F,1250,20261003,1200,50
すき家,岩手県,すき家 北上常盤台店,岩手県北上市常盤台2-5-133,1150,20261003,1120,30
すき家,神奈川,すき家 北新横浜店,神奈川県横浜市港北区北新横浜1-4-8,1350,20261003,1300,50
すき家,東京都,すき家 北新宿一丁目店,東京都新宿区北新宿1-12-12 サンエスビル1F,1350,20261003,1300,50
すき家,東京都,すき家 北赤羽駅浮間口店,東京都北区浮間3-28-9,1380,20261003,1350,30
すき家,東京都,すき家 北千住西口店,東京都足立区千住3-1-10,1330,20261003,1300,30
すき家,京都府,すき家 北白川店,京都府京都市左京区北白川上終町7,1200,20261003,1150,50
すき家,大阪府,すき家 北浜店,大阪府大阪市中央区平野町1-8-11 ルート北浜ビル1F,1330,20261003,1300,30
すき家,埼玉県,すき家 北本荒井店,埼玉県北本市荒井2-413-1,1250,20261003,1200,50
すき家,愛知県,すき家 北名古屋鹿田店,愛知県北名古屋市鹿田天井田98番、99番、99番2、100番3 ,1210,20261003,1200,10
すき家,愛知県,すき家 北名古屋弥勒寺店,愛知県北名古屋市弥勒寺東3-1,1210,20261003,1150,60
すき家,京都府,すき家 堀川通今宮店,京都府京都市北区紫竹東高縄町10番地1,1200,20261003,1180,20
すき家,神奈川,すき家 本厚木駅南口店,神奈川県厚木市泉町2-11 第2東友ビル 1階,1300,20261003,1260,40
すき家,神奈川,すき家 本厚木店,神奈川県厚木市中町3-13-1,1300,20261003,1225,75
すき家,埼玉県,すき家 本川越クレアモール店,埼玉県川越市新富町1-19-4 本川越ASビル1F,1250,20261003,1200,50
すき家,大阪府,すき家 枚方山之上店,大阪府枚方市山之上北町1-8,1280,20261003,1230,50
すき家,大阪府,すき家 枚方招提北店,大阪府枚方市招提北町1-2241-1,1250,20261003,1230,20
すき家,大阪府,すき家 枚方中宮東之町店,大阪府枚方市中宮東之町22-13,1250,20261003,1230,20
すき家,京都府,すき家 槙島店,京都府宇治市槙島町二十四56-3,1200,20261003,1150,50
すき家,千葉県,すき家 幕張店,千葉県千葉市花見川区幕張町5-417-207,1290,20261003,1280,10
すき家,千葉県,すき家 幕張本郷店,千葉県千葉市花見川区幕張本郷6-24-26 鈴木本郷ビル1F,1250,20261003,1200,50
すき家,東京都,すき家 末広町店,東京都千代田区外神田6-15-14,1400,20261003,1350,50
すき家,長野県,すき家 箕輪BP店,長野県上伊那郡箕輪町中箕輪11338-1 ,1250,20261003,1220,30
すき家,兵庫県,すき家 妙法寺駅前店,兵庫県神戸市須磨区横尾1-5 リファーレ横尾1F,1200,20261003,1180,20
すき家,愛知県,すき家 名駅西店,愛知県名古屋市中村区椿町14-12 セントラルWEST名駅ビル1F,1280,20261003,1250,30
すき家,愛知県,すき家 名古屋栄生店,愛知県名古屋市西区栄生1-34-17,1230,20261003,1180,50
すき家,愛知県,すき家 名古屋古出来店,愛知県名古屋市東区古出来1-5-10,1250,20261003,1220,30
すき家,愛知県,すき家 名古屋志賀本通店,愛知県名古屋市北区志賀本通2-2,1230,20261003,1180,50
すき家,愛知県,すき家 名古屋大野木店,愛知県名古屋市西区大野木4-30,1250,20261003,1200,50
すき家,愛知県,すき家 名古屋知多店,愛知県名古屋市港区知多2丁目208番地,1250,20261003,1200,50
すき家,愛知県,すき家 名古屋品川町店,愛知県名古屋市港区品川町1-2-3,1210,20261003,1150,60
すき家,岐阜県,すき家 名鉄岐阜駅前店,岐阜県岐阜市神田町9-14,1150,20261003,1130,20
すき家,愛知県,すき家 名東大針店,愛知県名古屋市名東区大針3-3,1210,20261003,1150,60
すき家,愛知県,すき家 名東猪子石店,愛知県名古屋市名東区猪子石1-106,1210,20261003,1150,60
すき家,兵庫県,すき家 明石駅前店,兵庫県明石市東仲ノ町11-29 石ビル1F,1200,20261003,1180,20
すき家,兵庫県,すき家 明石西IC店,兵庫県明石市魚住町清水2128-2,1200,20261003,1180,20
すき家,埼玉県,すき家 毛呂山小田谷店,埼玉県入間郡毛呂山町大字小田谷220-1,1250,20261003,1200,50
すき家,東京都,すき家 木場店,東京都江東区木場5-11-19 達摩堂ビル1F,1350,20261003,1300,50
すき家,東京都,すき家 目白通り高野台店,東京都練馬区高野台2-5-15,1350,20261003,1300,50
すき家,大阪府,すき家 門真下馬伏店,大阪府門真市下馬伏町26-6,1300,20261003,1230,70
すき家,大阪府,すき家 門真中央店,大阪府門真市大池町16-25,1280,20261003,1230,50
すき家,石川県,すき家 野々市新庄店,石川県野々市市新庄3-253,1200,20261003,1150,50
すき家,石川県,すき家 野々市本町店,石川県野々市市本町5丁目317番 泉山ビル102号,1200,20261003,1150,50
すき家,滋賀県,すき家 野洲市三宅店,滋賀県野洲市市三宅2424,1150,20261003,1100,50
すき家,千葉県,すき家 野田つつみ野店,千葉県野田市つつみ野1-2-4,1250,20261003,1230,20
すき家,千葉県,すき家 野田花井店,千葉県野田市花井200-1,1230,20261003,1200,30
すき家,栃木県,すき家 野木店,栃木県下都賀郡野木町丸林572-8 ,1150,20261003,1130,20
すき家,愛知県,すき家 弥富イオンタウン前店,愛知県弥富市鯏浦町未新田21-1,1210,20261003,1150,60
すき家,神奈川,すき家 葉山木古庭店,神奈川県三浦郡葉山町木古庭字高祖坂1572番地5,1300,20261003,1250,50
すき家,大阪府,すき家 淀川加島店,大阪府大阪市淀川区加島2-3-4,1280,20261003,1240,40
すき家,大阪府,すき家 淀川通塚本店,大阪府大阪市淀川区塚本2-14-19,1250,20261003,1240,10
すき家,埼玉県,すき家 嵐山店,埼玉県比企郡嵐山町大字千手堂37-2,1280,20261003,1200,80
すき家,徳島県,すき家 藍住笠木店,徳島県板野郡藍住町笠木字中野71-2,1160,20261003,1100,60
すき家,東京都,すき家 立会川店,東京都品川区南大井1-6-10 加藤ビル1F,1400,20261003,1350,50
すき家,富山県,すき家 立山利田店,富山県中新川郡立山町利田629-1,1280,20261003,1200,80
すき家,神奈川,すき家 立場店,神奈川県横浜市泉区中田西1-1-41,1300,20261003,1225,75
すき家,広島県,すき家 立町店,広島県広島市中区立町2-1 立町中央ビル1F,1250,20261003,1200,50
すき家,千葉県,すき家 流山江戸川台店,千葉県流山市美原2-137-1,1250,20261003,1200,50
すき家,東京都,すき家 溜池山王店,東京都港区赤坂1-5-2 外堀通ビル1F,1400,20261003,1350,50
すき家,茨城県,すき家 竜ヶ崎NT店,茨城県龍ケ崎市久保台1丁目1-1,1200,20261003,1130,70
すき家,茨城県,すき家 竜ヶ崎馴柴店,茨城県龍ケ崎市馴柴町718-1,1200,20261003,1130,70
すき家,京都府,すき家 龍谷大店,京都府京都市伏見区竹田久保町21-7 ビル・マルジョウ,1180,20261003,1150,30
すき家,兵庫県,すき家 龍野店,兵庫県たつの市龍野町富永383-1,1200,20261003,1180,20
すき家,東京都,すき家 両国店,東京都墨田区緑1-15-4 ,1400,20261003,1350,50
すき家,愛知県,すき家 緑区平手北店,愛知県名古屋市緑区平手北1-920,1250,20261003,1180,70
すき家,愛知県,すき家 緑区鳴海店,愛知県名古屋市緑区浦里3-317,1250,20261003,1180,70
すき家,三重県,すき家 鈴鹿IC店,三重県鈴鹿市伊船町1910-1,1200,20261003,1130,70
すき家,三重県,すき家 鈴鹿西条店,三重県鈴鹿市西条6丁目98番 ,1200,20261003,1150,50
すき家,兵庫県,すき家 鈴蘭台鳴子店,兵庫県神戸市北区鳴子2-1-4,1230,20261003,1180,50
すき家,東京都,すき家 練馬関町南店,東京都練馬区関町南1-11-2,1330,20261003,1280,50
すき家,東京都,すき家 練馬南大泉店,東京都練馬区南大泉1-17-17,1330,20261003,1280,50
すき家,東京都,すき家 蓮根駅西店,東京都板橋区蓮根2-29-6 蓮根ビル1F,1330,20261003,1280,50
すき家,埼玉県,すき家 蓮田西新宿店,埼玉県蓮田市西新宿2-105,1250,20261003,1200,50
すき家,神奈川,すき家 六角橋店,神奈川県横浜市神奈川区六角橋1-11-1,1300,20261003,1225,75
すき家,福岡県,すき家 六本松駅前店,福岡県福岡市中央区六本松4丁目2番6号 MJR六本松 1階 3区画,1130,20261003,1070,60
すき家,東京都,すき家 六本木五丁目店,東京都港区六本木5-9-22 第2千陽ビル1F,1430,20261003,1380,50
すき家,和歌山,すき家 和歌山吉田店,和歌山県和歌山市吉田392番地,1200,20261003,1150,50
すき家,和歌山,すき家 和歌山秋月店,和歌山県和歌山市秋月304-5,1180,20261003,1150,30
すき家,和歌山,すき家 和歌山大谷店,和歌山県和歌山市大谷字藤原田87-2,1230,20261003,1150,80
すき家,大阪府,すき家 和泉はつが野店,大阪府和泉市はつが野1-1-13,1240,20261003,1200,40
すき家,東京都,すき家 糀谷店,東京都大田区南蒲田3-3-1 こうじや駅前ビル1F,1350,20261003,1300,50
すき家,東京都,すき家 鶯谷店,東京都台東区根岸1-6-10,1350,20261003,1300,50
